Players;Values;POS;Team;ID;Num
Amine Adli;12,0;Right Winger;Fc Toulouse;532776;-
Branco van den Boomen;6,0;Central Midfield;Fc Toulouse;203938;8
Isaak Toure;5,0;Centre-Back;Ac Le Havre;708678;6
Johann Lepenant;5,0;Defensive Midfield;Sm Caen;585973;12
Janis Antiste;4,0;Centre-Forward;Fc Toulouse;538974;-
Anthony Rouault;4,0;Centre-Back;Fc Toulouse;690799;24
Zinedine Ferhat;3,5;Right Winger;Nimes Olympique;232895;10
Qazim Laci;3,0;Midfield;Ac Ajaccio;290552;10
Gauthier Hein;3,0;Right Winger;Aj Auxerre;344892;7
Jessy Deminguet;3,0;Central Midfield;Sm Caen;539232;8
Matthis Abline;3,0;Centre-Forward;Ac Le Havre;659543;12
Bafode Diakite;3,0;Right-Back;Fc Toulouse;463605;19
Rhys Healey;3,0;Centre-Forward;Fc Toulouse;238185;9
Lamine Fomba;3,0;Defensive Midfield;Nimes Olympique;391376;12
Yassine Benrahou;2,8;Midfield;Nimes Olympique;344599;22
Andres Cubas;2,5;Defensive Midfield;Nimes Olympique;323872;-
Niclas Eliasson;2,5;Midfield;Nimes Olympique;251813;7
Charles Pickel;2,5;Defensive Midfield;Grenoble Foot 38;243879;-
Nathan Ngoumou;2,5;Right Winger;Fc Toulouse;629588;29
Jonathan Panzo;2,5;Centre-Back;Dijon Fco;392777;-
Mounir Chouiar;2,5;Left Winger;Dijon Fco;355641;-
Oumar Gonzalez;2,5;Centre-Back;Ac Ajaccio;388795;25
Gaetan Weissbeck;2,5;Midfield;Fc Sochaux Montbeliard;347958;28
Lucas Chevalier;2,5;Goalkeeper;Fc Valenciennes;463600;30
Bilal Boutobba;2,5;Right Winger;Chamois Niortais Fc;344151;10
Gedeon Kalulu;2,5;Right-Back;Ac Ajaccio;395685;2
Moussa Kone;2,2;Forward;Nimes Olympique;364239;28
Umut Meras;2,1;Left-Back;Ac Le Havre;341549;-
Thierno Balde;2,0;Right-Back;Ac Le Havre;709482;4
Jubal;2,0;Centre-Back;Aj Auxerre;149928;4
Formose Mendy;2,0;Centre-Back;Amiens Sc;563734;5
Mamadou Fofana;2,0;Centre-Back;Amiens Sc;402004;2
Rassoul Ndiaye;2,0;Central Midfield;Fc Sochaux Montbeliard;662242;14
Lamine Gueye;2,0;Right Winger;Paris Fc;568701;26
Yanis Cimignani;2,0;Midfield;Ac Ajaccio;801754;22
Alan Virginius;2,0;Left Winger;Fc Sochaux Montbeliard;654415;26
Moustapha Name;2,0;Central Midfield;Paris Fc;586262;5
Hamza Sakhi;2,0;Midfield;Aj Auxerre;263951;22
Alexandre Mendy;2,0;Centre-Forward;Sm Caen;290561;19
Ousmane Camara;2,0;Centre-Back;Paris Fc;804711;4
Yahia Fofana;2,0;Goalkeeper;Ac Le Havre;418651;30
Tony Mauricio;2,0;Right Winger;Fc Sochaux Montbeliard;272549;7
Stijn Spierings;2,0;Defensive Midfield;Fc Toulouse;241501;17
Yassine Benzia;1,9;Midfield;Dijon Fco;187847;-
Ibrahim Sissoko;1,8;Centre-Forward;Chamois Niortais Fc;484888;9
Rasmus Nicolaisen;1,8;Centre-Back;Fc Toulouse;283227;2
Carlens Arcus;1,8;Right-Back;Aj Auxerre;371686;2
Stefan Bajic;1,8;Goalkeeper;Pau Fc;465836;50
Issiaga Sylla;1,8;Left-Back;Fc Toulouse;220878;12
Arnaud Lusamba;1,8;Central Midfield;Amiens Sc;970457;10
Jean-Philippe Krasso;1,8;Centre-Forward;Ac Ajaccio;358515;17
Brecht Dejaegere;1,8;Central Midfield;Fc Toulouse;159098;10
Dylan Louiserre;1,8;Defensive Midfield;Chamois Niortais Fc;291415;6
Antonin Bobichon;1,8;Central Midfield;As Nancy Lorraine;344575;14
Mikkel Desler;1,8;Right-Back;Fc Toulouse;221873;3
Mohamed Kaba;1,8;Defensive Midfield;Fc Valenciennes;911328;21
Aliou Badji;1,8;Centre-Forward;Amiens Sc;479589;17
Rafael Ratao;1,8;Left Winger;Fc Toulouse;289802;21
Frantzdy Pierrot;1,8;Centre-Forward;Ea Guingamp;492955;9
Valentin Gendrey;1,7;Right-Back;Amiens Sc;744936;-
Noah Diliberto;1,5;Defensive Midfield;Fc Valenciennes;730280;8
Ismail Aaneba;1,5;Centre-Back;Fc Sochaux Montbeliard;528178;22
Ado Onaiwu;1,5;Centre-Forward;Fc Toulouse;308133;7
Morgan Guilavogui;1,5;Right Winger;Paris Fc;691786;21
Check Oumar Diakite;1,5;Midfield;Paris Fc;838804;28
Tolu Arokodare;1,5;Centre-Forward;Amiens Sc;683571;9
Ismael Doukoure;1,5;Centre-Back;Fc Valenciennes;786436;-
Alexandru Dobre;1,5;Left Winger;Dijon Fco;365770;29
Alexis Trouillet;1,5;Central Midfield;Aj Auxerre;482769;27
Birama Toure;1,5;Midfield;Aj Auxerre;229853;12
Aurelien Scheidler;1,5;Centre-Forward;Dijon Fco;497175;21
Aldo Kalulu;1,5;Centre-Forward;Fc Sochaux Montbeliard;292822;15
Nicholas Gioacchini;1,5;Centre-Forward;Sm Caen;704156;-
Charles Abi;1,5;Centre-Forward;Ea Guingamp;418658;15
Clement Vidal;1,5;Centre-Back;Ac Ajaccio;569388;15
Ismael Diallo;1,5;Left-Back;Ac Ajaccio;375881;3
Himad Abdelli;1,5;Midfield;Ac Le Havre;592979;8
Ismael Boura;1,5;Left-Back;Ac Le Havre;770895;20
Maxence Prevot;1,5;Goalkeeper;Fc Sochaux Montbeliard;394903;16
Pedro Rebocho;1,5;Left-Back;Ea Guingamp;197860;-
Ali Abdi;1,5;Left-Back;Sm Caen;211474;25
Logan Ndenbe;1,5;Left-Back;Ea Guingamp;481634;-
Victor Lekhal;1,5;Defensive Midfield;Ac Le Havre;264811;22
Victor Lobry;1,5;Midfield;Pau Fc;592358;19
Youssouf M'Changama;1,5;Midfield;Ea Guingamp;167472;10
Olivier Kemen;1,4;Central Midfield;Chamois Niortais Fc;243725;-
Gaetan Charbonnier;1,3;Centre-Forward;Aj Auxerre;93678;19
Julien Ponceau;1,3;Midfield;Nimes Olympique;569390;19
Gaetan Perrin;1,3;Midfield;Aj Auxerre;353404;10
Abdoul Kader Bamba;1,3;Right Winger;Amiens Sc;560725;7
Baptiste Guillaume;1,3;Centre-Forward;Fc Valenciennes;264567;18
Lassine Sinayoko;1,3;Right Winger;Aj Auxerre;569140;25
Mahame Siby;1,3;Defensive Midfield;Paris Fc;587646;23
Owen Gene;1,3;Midfield;Amiens Sc;947362;36
Amir Richardson;1,3;Central Midfield;Ac Le Havre;893675;24
Ibrahim Cisse;1,3;Centre-Back;Usl Dunkerque;341393;-
Axel Bamba;1,3;Centre-Back;Paris Fc;545487;15
Jeremy Livolant;1,3;Centre-Forward;Ea Guingamp;324806;29
Theo Pellenard;1,2;Centre-Back;Aj Auxerre;238716;5
Mathias Autret;1,2;Midfield;Aj Auxerre;138171;29
Anthony Briancon;1,2;Centre-Back;Nimes Olympique;190338;23
Mehdi Chahiri;1,2;Left Winger;Sm Caen;358509;26
Vincent Marchetti;1,2;Defensive Midfield;Ac Ajaccio;374040;8
Nuno Da Costa;1,2;Centre-Forward;Sm Caen;306166;7
Samir Chergui;1,2;Centre-Back;Paris Fc;668167;31
Maxime Dupe;1,2;Goalkeeper;Fc Toulouse;127188;30
Theo Sainte-Luce;1,2;Left-Back;Nimes Olympique;537127;17
Didier Ndong;1,2;Central Midfield;Dijon Fco;210081;-
Hugo Vandermersch;1,2;Right-Back;Sm Caen;693357;24
Ousseynou Thioune;1,2;Central Midfield;Fc Sochaux Montbeliard;410222;6
Donovan Leon;1,2;Goalkeeper;Aj Auxerre;170911;16
Patrick Burner;1,2;Right-Back;Nimes Olympique;444725;21
Denis Genreau;1,2;Midfield;Fc Toulouse;470618;5
Darlin Yongwa;1,2;Left-Back;Chamois Niortais Fc;717118;3
Maxime Do Couto;1,0;Left Winger;Fc Sochaux Montbeliard;315930;11
Caleb Zady Sery;1,0;Midfield;Sm Caen;617699;10
Lamine Cisse;1,0;Right Winger;As Nancy Lorraine;627362;29
Ahmad Ngouyamsa;1,0;Right-Back;Dijon Fco;723416;19
Quentin Cornette;1,0;Right Winger;Ac Le Havre;238630;11
Anthony Racioppi;1,0;Goalkeeper;Dijon Fco;395671;-
Baptiste Reynet;1,0;Goalkeeper;Dijon Fco;190786;30
Nabil Alioui;1,0;Left Winger;Ac Le Havre;344607;10
Jessy Benet;1,0;Central Midfield;Amiens Sc;272631;21
Baptiste Roux;1,0;Centre-Back;Ea Guingamp;796895;2
Ugo Bonnet;1,0;Centre-Forward;Rodez Af;525114;-
Julien Masson;1,0;Defensive Midfield;Fc Valenciennes;494315;6
Senou Coulibaly;1,0;Centre-Back;Dijon Fco;596240;5
Chadrac Akolo;1,0;Right Winger;Amiens Sc;247459;19
Brahim Traore;1,0;Centre-Back;Sm Caen;743517;22
Duckens Nazon;1,0;Centre-Forward;Quevilly Rouen Metropole;345763;9
Jaouen Hadjam;1,0;Left-Back;Paris Fc;750903;3
Thomas Basila;1,0;Centre-Back;As Nancy Lorraine;344592;4
Adilson Malanda;1,0;Centre-Back;Rodez Af;847772;24
Arouna Sangante;1,0;Centre-Back;Ac Le Havre;768380;29
Gustavo Sangare;1,0;Midfield;Quevilly Rouen Metropole;641152;17
Kalidou Sidibe;1,0;Midfield;Quevilly Rouen Metropole;629585;6
Emmanuel Ntim;1,0;Centre-Back;Fc Valenciennes;375287;25
Adama Diakhaby;1,0;Left Winger;Amiens Sc;453594;11
Iron Gomis;0,9;Central Midfield;Amiens Sc;332047;-
Till Cissokho;0,9;Centre-Back;Quevilly Rouen Metropole;395228;3
Eddy Gnahore;0,9;Midfield;Amiens Sc;693352;24
Moataz Zemzemi;0,9;Midfield;Chamois Niortais Fc;422893;7
Gaetan Laura;0,9;Centre-Forward;Paris Fc;291124;-
Yohan Cassubie;0,9;Defensive Midfield;Chamois Niortais Fc;879963;33
Issa Soumare;0,9;Left Winger;Quevilly Rouen Metropole;568698;24
Bilal Brahimi;0,9;Midfield;Usl Dunkerque;789094;17
Mateo Pavlovic;0,9;Centre-Back;Amiens Sc;649023;14
Bryan Passi;0,9;Centre-Back;Chamois Niortais Fc;411416;27
Cheikh Sabaly;0,9;Left Winger;Quevilly Rouen Metropole;568696;15
Mathis Lachuer;0,9;Defensive Midfield;Amiens Sc;704436;20
Julien Le Cardinal;0,9;Right-Back;Sc Bastia;794349;26
Bongani Zungu;0,9;Central Midfield;Amiens Sc;168933;25
Christopher Rocchia;0,9;Left-Back;Dijon Fco;352393;20
Mickael Biron;0,9;Centre-Forward;As Nancy Lorraine;524860;7
Erwin Koffi;0,9;Right-Back;Pau Fc;341942;7
Gaetan Robail;0,9;Left Winger;Fc Valenciennes;495489;9
Woyo Coulibaly;0,9;Right-Back;Ac Le Havre;592975;-
Sebastien Salles-Lamonge;0,9;Midfield;Sc Bastia;288251;10
Farid El Melali;0,9;Left Winger;Pau Fc;425400;15
Maxime Sivis;0,9;Right-Back;Ea Guingamp;580715;27
Mehdi Merghem;0,9;Midfield;Ea Guingamp;452877;21
Abdallah Ndour;0,9;Left-Back;Fc Sochaux Montbeliard;232854;4
Kenji-Van Boto;0,9;Left-Back;Pau Fc;229012;14
Valentin Henry;0,9;Right-Back;Fc Sochaux Montbeliard;353981;29
Neil El Aynaoui;0,9;Central Midfield;As Nancy Lorraine;901019;12
Abdoulie Sanyang;0,9;Right Winger;Grenoble Foot 38;693906;2
Julien Celestine;0,9;Centre-Back;Rodez Af;518073;2
Per Kristian Bratveit;0,9;Goalkeeper;Nimes Olympique;226410;1
Marvin Gakpa;0,85;Central Midfield;Paris Fc;170976;-
Denis Will Poha;0,8;Midfield;Pau Fc;288248;22
Fernand Mayembo;0,8;Centre-Back;Ac Le Havre;413245;5
Zakaria Naidji;0,8;Centre-Forward;Pau Fc;345562;24
Samuel Essende;0,8;Centre-Forward;Pau Fc;395522;29
Quentin Daubin;0,8;Central Midfield;Pau Fc;407624;6
Benjamin Leroy;0,8;Goalkeeper;Ac Ajaccio;124901;1
Jordy Gaspar;0,8;Right-Back;Grenoble Foot 38;353395;12
Djibril Diani;0,8;Defensive Midfield;Sm Caen;354335;28
Lenny Vallier;0,8;Left-Back;Chamois Niortais Fc;371148;21
Matthis Riou;0,8;Centre-Back;Ea Guingamp;806043;-
Pape Ibnou Ba;0,8;Centre-Forward;Chamois Niortais Fc;565060;-
Enzo Basilio;0,8;Goalkeeper;Ea Guingamp;242716;16
Lucas Buades;0,8;Midfield;Rodez Af;531960;19
Bradley Danger;0,8;Defensive Midfield;Rodez Af;324798;14
Mounaim El Idrissy;0,8;Centre-Forward;Ac Ajaccio;627163;7
Mickael Le Bihan;0,8;Centre-Forward;Dijon Fco;139018;8
Cyrille Bayala;0,8;Right Winger;Ac Ajaccio;267147;14
Nicholas Opoku;0,8;Centre-Back;Amiens Sc;69436;4
Alimami Gory;0,8;Left Winger;Paris Fc;435492;11
Jessy Pi;0,8;Defensive Midfield;Dijon Fco;170460;26
Cheick Traore;0,8;Right-Back;Dijon Fco;378965;27
Adama Fofana;0,8;Left-Back;Dijon Fco;570534;2
Florent Hanin;0,8;Left-Back;Paris Fc;111811;29
Valentin Jacob;0,8;Midfield;Dijon Fco;284526;11
Bryan Soumare;0,8;Midfield;Dijon Fco;644563;28
Isak Pettersson;0,7;Goalkeeper;Fc Toulouse;296458;40
Souleymane Diarra;0,7;Central Midfield;Ea Guingamp;315587;18
Jamal Thiare;0,7;Forward;Ac Le Havre;262022;14
Tristan Muyumba;0,7;Defensive Midfield;Ea Guingamp;318521;6
Joris Moutachy;0,7;Right-Back;Chamois Niortais Fc;558714;29
Garland Gbelle;0,7;Midfield;Quevilly Rouen Metropole;351772;12
Yann Kitala;0,7;Centre-Forward;Fc Sochaux Montbeliard;395677;9
Remy Boissier;0,7;Defensive Midfield;Rodez Af;525111;6
Michael Barreto;0,7;Midfield;Ac Ajaccio;149518;4
Steve Ambri;0,7;Midfield;Fc Sochaux Montbeliard;457780;17
Ibrahima Conte;0,7;Centre-Back;Chamois Niortais Fc;358512;4
Joseph Lopy;0,7;Central Midfield;Fc Sochaux Montbeliard;204585;8
Matthias Phaeton;0,7;Forward;Ea Guingamp;427693;8
Guy-Marcelin Kilama;0,7;Centre-Back;Chamois Niortais Fc;604777;5
Wilitty Younoussa;0,7;Defensive Midfield;Dijon Fco;804934;18
Julien Lopez;0,7;Left Winger;Paris Fc;170506;20
Jordan Leborgne;0,7;Central Midfield;Rodez Af;379742;18
Abdoullah Ba;0,7;Central Midfield;Ac Le Havre;654412;15
Kelyan Guessoum;0,7;Centre-Back;Nimes Olympique;545520;2
Maxime Bernauer;0,7;Right-Back;Paris Fc;324819;2
Yannick Gomis;0,7;Centre-Forward;Ea Guingamp;220848;13
Lionel Mpasi-Nzau;0,7;Goalkeeper;Rodez Af;164915;16
Ilyes Hamache;0,7;Left Winger;Fc Valenciennes;911990;20
Quentin Lecoeuche;0,7;Left-Back;Fc Valenciennes;332142;28
Naomichi Ueda;0,7;Centre-Back;Nimes Olympique;188915;5
Elias Mar Omarsson;0,7;Forward;Nimes Olympique;205655;9
Quentin Braat;0,7;Goalkeeper;Chamois Niortais Fc;390942;30
Sieben Dewaele;0,7;Defensive Midfield;As Nancy Lorraine;371936;28
Shaquil Delos;0,7;Right-Back;As Nancy Lorraine;650809;22
Stephen Quemper;0,7;Left-Back;Sc Bastia;550572;-
Harouna Sy;0,7;Left-Back;Amiens Sc;947363;18
Gaetan Paquiez;0,7;Right-Back;Nimes Olympique;412092;15
Kylian Kaiboue;0,7;Centre-Back;Sc Bastia;612143;20
Dume Guidi;0,7;Centre-Back;Sc Bastia;588645;6
Alexandre Coeff;0,7;Centre-Back;Aj Auxerre;89450;20
Emmanuel Lomotey;0,7;Defensive Midfield;Amiens Sc;860669;12
Achille Anani;0,7;Centre-Forward;Grenoble Foot 38;238627;11
Roger Assale;0,7;Forward;Dijon Fco;263183;-
Warren Bondo;0,7;Central Midfield;As Nancy Lorraine;659516;8
Amadou Ciss;0,7;Left Winger;Amiens Sc;526784;-
Antoine Batisse;0,7;Centre-Back;Pau Fc;335146;17
Andrew Jung;0,7;Centre-Forward;As Nancy Lorraine;399553;9
Mahamadou Dembele;0,7;Centre-Back;Pau Fc;394326;8
Tom Ducrocq;0,7;Defensive Midfield;Sc Bastia;652128;25
Sidy Sarr;0,7;Defensive Midfield;Nimes Olympique;364233;6
Jack Lahne;0,65;Centre-Forward;Amiens Sc;493674;-
Nassim Ouammou;0,6;Left-Back;Rodez Af;352125;7
Amine Talal;0,6;Central Midfield;Sc Bastia;524356;14
Ruben Gabrielsen;0,6;Centre-Back;Fc Toulouse;107662;-
Moussa Diarra;0,6;Left-Back;Fc Toulouse;694509;23
Abou Ouattara;0,6;Right Winger;Fc Valenciennes;443263;19
Mattheo Xantippe;0,6;Left-Back;Amiens Sc;524677;-
Alexandre Olliero;0,6;Goalkeeper;Pau Fc;395602;1
Philipe Sampaio;0,6;Centre-Back;Ea Guingamp;336697;-
Gaetan Courtet;0,6;Centre-Forward;Ac Ajaccio;171408;9
Jovan Nisic;0,6;Central Midfield;Pau Fc;343958;10
Benjamin Santelli;0,6;Centre-Forward;Sc Bastia;342701;9
El-Hadji Ba;0,6;Defensive Midfield;Ea Guingamp;169090;7
Bevic Moussiti-Oko;0,6;Centre-Forward;Ac Ajaccio;364525;11
Florentin Pogba;0,6;Centre-Back;Fc Sochaux Montbeliard;140497;19
Felix Eboa Eboa;0,6;Centre-Back;Ea Guingamp;296359;19
Pierre Lemonnier;0,6;Centre-Back;Ea Guingamp;170477;24
Christophe Vincent;0,6;Defensive Midfield;Sc Bastia;203324;7
Yanis Begraoui;0,6;Centre-Forward;Fc Toulouse;569376;11
Cheick Timite;0,6;Right Winger;Fc Valenciennes;424709;15
Giovanni Haag;0,6;Defensive Midfield;As Nancy Lorraine;635103;5
Clement Depres;0,6;Centre-Forward;Rodez Af;347595;25
Yeni N'Gbakoto;0,6;Right Winger;As Nancy Lorraine;111053;27
Sessi D'Almeida;0,6;Defensive Midfield;Fc Valenciennes;291111;-
Franklin Wadja;0,6;Defensive Midfield;Sm Caen;524986;15
Franck Bambock;0,6;Defensive Midfield;Grenoble Foot 38;182882;6
Nicolas Lemaitre;0,6;Goalkeeper;Quevilly Rouen Metropole;373939;1
Alpha Sissoko;0,6;Right-Back;Quevilly Rouen Metropole;594992;2
Akim Abdallah;0,6;Left-Back;Grenoble Foot 38;483460;29
Yoric Ravet;0,6;Right Winger;Grenoble Foot 38;82461;22
Jordan Tell;0,6;Centre-Forward;Grenoble Foot 38;272644;24
Yoel Armougom;0,6;Left-Back;Sm Caen;548716;3
Moustapha Mbow;0,6;Centre-Back;Nimes Olympique;649026;29
Allan Linguet;0,6;Right-Back;Fc Valenciennes;635486;24
Jordan Marie;0,6;Midfield;Dijon Fco;231025;14
Matteo Ahlinvi;0,6;Central Midfield;Dijon Fco;509234;6
Warren Caddy;0,6;Centre-Forward;Paris Fc;369599;22
Migouel Alfarela;0,6;Centre-Forward;Paris Fc;590841;25
Saturnin Allagbe;0,6;Goalkeeper;Fc Valenciennes;274958;-
Yoann Court;0,6;Midfield;Sm Caen;60525;11
Malik Tchokounte;0,5;Forward;Usl Dunkerque;412085;18
Manuel Perez;0,5;Defensive Midfield;Grenoble Foot 38;166630;4
Anthony Belmonte;0,5;Central Midfield;Grenoble Foot 38;231916;8
Ebenezer Assifuah;0,5;Centre-Forward;Pau Fc;262558;18
Joris Correa;0,5;Centre-Forward;Grenoble Foot 38;303406;26
Idriss Saadi;0,5;Centre-Forward;Sc Bastia;111057;19
Brahima Doukansy;0,5;Defensive Midfield;Chamois Niortais Fc;517378;19
Mamadou Thiam;0,5;Centre-Forward;As Nancy Lorraine;368624;10
Nathan Trott;0,5;Goalkeeper;As Nancy Lorraine;431422;16
Naatan Skytta;0,5;Midfield;Fc Toulouse;567309;22
Pablo Martinez;0,5;Centre-Back;Nimes Olympique;282900;4
Florian Jozefzoon;0,5;Right Winger;Quevilly Rouen Metropole;124873;8
Stephane Lambese;0,5;Right-Back;Quevilly Rouen Metropole;182876;22
Alassane Diaby;0,5;Defensive Midfield;Quevilly Rouen Metropole;285376;4
Driss Trichard;0,5;Left-Back;Usl Dunkerque;290595;22
Vinni Triboulet;0,5;Centre-Forward;As Nancy Lorraine;637850;21
Alex Gersbach;0,5;Left-Back;Grenoble Foot 38;331017;20
Mathieu Gorgelin;0,5;Goalkeeper;Ac Le Havre;60543;1
Kevin Rocheteau;0,5;Left Winger;Usl Dunkerque;281614;9
Mamadou Diallo;0,5;Left Winger;Grenoble Foot 38;290605;19
Damon Bansais;0,5;Right-Back;Quevilly Rouen Metropole;469662;27
Leon Delpech;0,5;Central Midfield;Nimes Olympique;859620;32
Mathieu Michel;0,5;Goalkeeper;Chamois Niortais Fc;193142;1
Manoubi Haddad;0,5;Left Winger;Quevilly Rouen Metropole;452165;10
Abdelwahed Wahib;0,5;Left-Back;Ac Le Havre;593479;2
Adama Niane;0,5;Centre-Forward;Fc Sochaux Montbeliard;253842;-
Lamine Diaby-Fadiga;0,5;Centre-Forward;Paris Fc;495669;9
Mathieu Debuchy;0,5;Centre-Back;Fc Valenciennes;27306;26
Prince Oniangue;0,5;Midfield;Sm Caen;60578;6
Frank Magri;0,5;Centre-Forward;Sc Bastia;807689;11
Johann Obiang;0,5;Left-Back;Rodez Af;254358;23
Hady Camara;0,5;Centre-Back;Ea Guingamp;796882;5
Andreas Hountondji;0,5;Centre-Forward;Sm Caen;704155;20
Jeremy Vachoux;0,5;Goalkeeper;Usl Dunkerque;203770;1
Bruno Ecuele Manga;0,5;Centre-Back;Dijon Fco;60990;25
Xavier Kouassi;0,5;Centre-Back;Pau Fc;132587;4
Pierre Bardy;0,5;Centre-Back;Rodez Af;525108;4
Killian Corredor;0,5;Centre-Forward;Rodez Af;853491;12
Arni Vilhjalmsson;0,5;Forward;Rodez Af;160109;22
Yanis Merdji;0,5;Centre-Forward;Chamois Niortais Fc;480454;11
Benjamin Jeannot;0,5;Centre-Forward;Sm Caen;111048;9
Samy Benchamma;0,5;Central Midfield;Chamois Niortais Fc;627464;26
Romain Philippoteaux;0,5;Midfield;Dijon Fco;255220;22
Lorenzo Rajot;0,5;Central Midfield;Rodez Af;509044;8
Lucas Dias;0,5;Goalkeeper;Nimes Olympique;476079;16
Lucas Deaux;0,5;Defensive Midfield;Dijon Fco;57372;12
Cyril Mandouki;0,5;Defensive Midfield;Paris Fc;412086;14
Scotty Sadzoute;0,5;Left-Back;Nimes Olympique;531338;3
Marvin Senaya;0,5;Right-Back;Fc Sochaux Montbeliard;830890;2
William Bianda;0,5;Centre-Back;As Nancy Lorraine;427197;19
Thomas Fontaine;0,5;Centre-Back;As Nancy Lorraine;80036;20
Quentin Bernard;0,5;Left-Back;Aj Auxerre;98262;3
Karim Aribi;0,475;Centre-Forward;Nimes Olympique;456080;-
Malaly Dembele;0,45;Forward;Rodez Af;508940;9
Nikolay Zolotov;0,45;Left-Back;Sc Bastia;297752;13
Gregoire Lefebvre;0,45;Central Midfield;As Nancy Lorraine;302806;6
Rosario Latouchent;0,45;Left-Back;As Nancy Lorraine;333350;11
Jean Lambert Evan's;0,45;Left-Back;Pau Fc;543720;26
Leverton Pierre;0,45;Defensive Midfield;Usl Dunkerque;552467;19
Jonathan Iglesias;0,45;Central Midfield;Paris Fc;159907;10
David Gomis;0,45;Left Winger;Pau Fc;520816;28
Loris Nery;0,45;Right-Back;Grenoble Foot 38;126659;17
Maxime Spano;0,45;Centre-Back;Fc Valenciennes;329221;5
Julien Boyer;0,45;Left-Back;Sc Bastia;590629;29
Younes Kaabouni;0,45;Defensive Midfield;Fc Sochaux Montbeliard;182898;10
Matthieu Huard;0,45;Left-Back;Ac Ajaccio;588997;-
Adrien Monfray;0,45;Centre-Back;Grenoble Foot 38;281611;5
David Henen;0,45;Left Winger;Grenoble Foot 38;202831;-
Mohamed Ouadah;0,45;Central Midfield;Usl Dunkerque;684043;12
Jean Botue;0,45;Left Winger;Ac Ajaccio;649457;18
Baptiste Valette;0,45;Goalkeeper;As Nancy Lorraine;170509;1
Yann Boe-Kane;0,45;Midfield;Quevilly Rouen Metropole;127051;13
Brice Maubleu;0,45;Goalkeeper;Grenoble Foot 38;78047;1
Laurent Dos Santos;0,45;Right-Back;Fc Valenciennes;274571;11
Nathan Dekoke;0,45;Left-Back;Quevilly Rouen Metropole;250009;14
Serge-Philippe Raux Yao;0,45;Centre-Back;Rodez Af;683891;15
Mario Jason Kikonda;0,45;Defensive Midfield;Usl Dunkerque;562452;20
Sullivan Pean;0,4;Goalkeeper;Sm Caen;593317;40
Adon Gomis;0,4;Centre-Back;Usl Dunkerque;681325;27
Axel Maraval;0,4;Goalkeeper;Usl Dunkerque;164967;30
Marco Majouga;0,4;Right Winger;Usl Dunkerque;814725;24
Amine Salama;0,4;Centre-Forward;Usl Dunkerque;980576;34
Jared Khasa;0,4;Right Winger;Pau Fc;425460;2
Remy Riou;0,4;Goalkeeper;Sm Caen;18940;1
Eddy Sylvestre;0,4;Central Midfield;Pau Fc;629566;12
Steeve Beusnard;0,4;Central Midfield;Pau Fc;468246;21
Redouane Kerrouche;0,4;Central Midfield;Usl Dunkerque;351834;8
Antoine Valerio;0,4;Midfield;Nimes Olympique;707317;14
Tairyk Arconte;0,4;Right Winger;Ac Ajaccio;855056;12
Lamine Sy;0,4;Right-Back;Sm Caen;796865;-
Jean-Pascal Fontaine;0,4;Central Midfield;Ac Le Havre;58826;7
Nicolas Bruneel;0,4;Central Midfield;Usl Dunkerque;467637;21
Nathan Monzango;0,4;Centre-Back;Amiens Sc;396516;-
Florian David;0,4;Midfield;Rodez Af;170905;10
Ayman Ben Mohamed;0,4;Left-Back;Ac Le Havre;249446;19
Aymen Boutoutaou;0,4;Midfield;Fc Valenciennes;730580;17
Mathis Picouleau;0,4;Central Midfield;Fc Valenciennes;395240;27
Arsene Elogo;0,4;Left Winger;Fc Valenciennes;409418;10
Youssoupha Ndiaye;0,4;Centre-Back;Paris Fc;524658;18
Ousmane Kante;0,4;Centre-Back;Paris Fc;528470;19
Yoan Kore;0,4;Centre-Back;Paris Fc;914539;-
Florian Martin;0,4;Midfield;Fc Valenciennes;150496;13
Yohan Demoncy;0,4;Central Midfield;Paris Fc;289435;8
Joffrey Cuffaut;0,4;Right-Back;Fc Valenciennes;109720;14
Aly Ndom;0,4;Defensive Midfield;Aj Auxerre;396131;6
Joris Chougrani;0,4;Centre-Back;Rodez Af;525109;21
Aly Abeid;0,4;Left-Back;Fc Valenciennes;393436;3
Nolan Mbemba;0,4;Defensive Midfield;Ac Le Havre;276768;18
Emeric Dudouit;0,4;Right-Back;Usl Dunkerque;170984;2
Bridge Ndilu;0,4;Centre-Forward;Quevilly Rouen Metropole;558709;11
Saliou Ciss;0,4;Left-Back;As Nancy Lorraine;149444;23
Yoann Cathline;0,4;Left Winger;Ea Guingamp;782476;20
Zacharie Boucher;0,4;Goalkeeper;Sc Bastia;111041;1
Sam Sanna;0,4;Central Midfield;Fc Toulouse;694549;18
Hermann Tebily;0,4;Centre-Forward;Fc Sochaux Montbeliard;726566;20
Dominique Youfeigane;0,4;Goalkeeper;Ea Guingamp;591190;30
Maguette Diongue;0,4;Central Midfield;Sc Bastia;185574;17
Bart Straalman;0,4;Centre-Back;Grenoble Foot 38;336303;3
Loic Nestor;0,4;Centre-Back;Grenoble Foot 38;66490;14
Kevin Schur;0,4;Left Winger;Sc Bastia;353940;8
Adil Taoui;0,4;Left Winger;Sc Bastia;463617;21
Logan Costa;0,4;Centre-Back;Fc Toulouse;484988;14
Bradley M'Bondo;0,4;Right-Back;Chamois Niortais Fc;818107;18
Anthony Roncaglia;0,4;Defensive Midfield;Sc Bastia;651979;4
Thomas Vincensini;0,4;Goalkeeper;Sc Bastia;149239;16
Abiezer Jeno;0,4;Defensive Midfield;Grenoble Foot 38;487272;15
Ivan Filipovic;0,4;Goalkeeper;Paris Fc;234187;40
Cyril Zabou;0,4;Midfield;Quevilly Rouen Metropole;644080;29
Romain Padovani;0,4;Centre-Back;Quevilly Rouen Metropole;111025;5
Gautier Lloris;0,4;Centre-Back;Aj Auxerre;249636;17
Alec Georgen;0,4;Right-Back;Aj Auxerre;324800;15
Paul Joly;0,4;Right-Back;Aj Auxerre;806168;26
Sonny Laiton;0,4;Goalkeeper;Aj Auxerre;427689;30
Yohan Bilingi;0,4;Right-Back;Ea Guingamp;522850;3
Junior Flemmings;0,4;Left Winger;Fc Toulouse;354664;20
Axel Ngando;0,4;Midfield;Grenoble Foot 38;170478;23
Florian Michel;0,4;Midfield;Grenoble Foot 38;693356;10
Orges Bunjaku;0,4;Central Midfield;Grenoble Foot 38;499214;25
Yannick Marchand;0,4;Central Midfield;Grenoble Foot 38;346882;-
Yassine Bahassa;0,4;Left Winger;Quevilly Rouen Metropole;692087;28
Ervin Taha;0,35;Centre-Forward;Ea Guingamp;394330;-
Terell Ondaan;0,35;Right Winger;Grenoble Foot 38;187598;-
Aloys Fouda;0,35;Right-Back;Sm Caen;704158;-
Joseph Mendes;0,35;Centre-Forward;Chamois Niortais Fc;169275;12
Tyrone Tormin;0,35;Right Winger;Chamois Niortais Fc;496601;24
Samuel Renel;0,35;Central Midfield;Chamois Niortais Fc;722739;17
Billy Ketkeophomphone;0,35;Centre-Forward;Usl Dunkerque;134712;-
Cedric Avinel;0,3;Centre-Back;Ac Ajaccio;44421;21
Chaker Alhadhur;0,3;Left-Back;Ac Ajaccio;178540;24
Mohamed Youssouf;0,3;Right-Back;Ac Ajaccio;57482;20
Gregory Coelho;0,3;Right-Back;Rodez Af;678660;29
Florian Chabrolle;0,3;Midfield;Ac Ajaccio;418662;29
Youssouf Assogba;0,3;Right-Back;Amiens Sc;172153;-
Regis Gurtner;0,3;Goalkeeper;Amiens Sc;39918;1
Pierre Gibaud;0,3;Centre-Back;Ac Le Havre;109965;27
Mickael Alphonse;0,3;Right-Back;Amiens Sc;569387;-
Remy Dugimont;0,3;Left Winger;Aj Auxerre;174304;21
Didier Desprez;0,3;Goalkeeper;Paris Fc;342876;-
Abdelhamid El Kaoutari;0,3;Centre-Back;As Nancy Lorraine;74615;3
Mohamed Ben Fredj;0,3;Centre-Forward;Aj Auxerre;676549;14
Dorian Bertrand;0,3;Left Winger;As Nancy Lorraine;352464;13
Elliot Simoes;0,3;Midfield;As Nancy Lorraine;646900;17
Christophe Diedhiou;0,3;Centre-Back;Fc Sochaux Montbeliard;282031;18
Yohann Thuram;0,3;Goalkeeper;Amiens Sc;60602;16
Iyad Mohamed;0,3;Defensive Midfield;Aj Auxerre;805065;34
Jonathan Rivierez;0,3;Centre-Back;Sm Caen;98274;18
Adolphe Teikeu;0,3;Centre-Back;Sm Caen;105362;13
Jules Sylvestre-Brac;0,3;Centre-Back;Grenoble Foot 38;693636;-
Ogou Akichi;0,3;Defensive Midfield;As Nancy Lorraine;192714;24
Gaoussou Traore;0,3;Midfield;Amiens Sc;560465;28
Souleymane Karamoko;0,3;Right-Back;As Nancy Lorraine;525119;18
Steve Shamal;0,3;Centre-Forward;Sm Caen;345225;23
Charbel Gomez;0,3;Left Winger;Amiens Sc;830494;31
Giorgi Kokhreidze;0,3;Left Winger;Grenoble Foot 38;345199;7
Elies Mahmoud;0,3;Midfield;Ac Le Havre;804664;28
Axel Guessand;0,3;Centre-Back;As Nancy Lorraine;925584;33
Demba Thiam;0,3;Right-Back;Usl Dunkerque;137970;28
Manuel de Iriondo;0,3;Central Midfield;Grenoble Foot 38;296805;18
Souleymane Cisse;0,3;Midfield;Grenoble Foot 38;225855;33
Francois-Joseph Sollacaro;0,3;Goalkeeper;Ac Ajaccio;331977;16
Eric Vandenabeele;0,3;Centre-Back;Fc Valenciennes;213030;2
Mehdi Jeannin;0,3;Goalkeeper;Fc Sochaux Montbeliard;191882;30
Alioune Ba;0,3;Centre-Back;Usl Dunkerque;419997;15
Thibault Campanini;0,3;Right-Back;Paris Fc;449223;27
Khalid Boutaib;0,3;Forward;Paris Fc;231941;13
Daniel Congre;0,3;Centre-Back;Dijon Fco;22386;3
Lloyd Palun;0,3;Right-Back;Sc Bastia;165400;23
Alan Kerouedan;0,3;Midfield;Rodez Af;395244;20
Djibril Dianessy;0,3;Right Winger;Pau Fc;355368;11
Charly Keita;0,3;Centre-Forward;Pau Fc;928758;-
Sambou Yatabare;0,3;Midfield;Fc Valenciennes;93309;22
Joris Sainati;0,3;Centre-Back;Sc Bastia;119081;28
Yohan Bocognano;0,3;Centre-Back;Sc Bastia;116634;15
Loic Kouagba;0,3;Centre-Back;Usl Dunkerque;410061;-
Yahya Soumare;0,3;Right Winger;Dijon Fco;591195;-
Thomas Vannoye;0,3;Centre-Back;Usl Dunkerque;730355;4
Olivier Boissy;0,3;Centre-Forward;Grenoble Foot 38;548654;27
Mahamadou Doucoure;0,3;Forward;Nimes Olympique;862880;24
Samuel Yohou;0,3;Centre-Back;Usl Dunkerque;386048;25
Robin Taillan;0,3;Right-Back;Quevilly Rouen Metropole;468233;-
Harrison Manzala;0,3;Right Winger;Sc Bastia;268555;27
Louis Carnot;0,3;Midfield;Ea Guingamp;484991;11
Ottman Dadoune;0,3;Centre-Forward;Quevilly Rouen Metropole;591541;7
Steve Mvoue;0,3;Midfield;Fc Toulouse;666953;25
Floyd Ayite;0,3;Left Winger;Fc Valenciennes;77974;7
Quentin Bena;0,3;Centre-Back;Chamois Niortais Fc;468606;22
Said Arab;0,3;Central Midfield;Paris Fc;436170;-
Sami Belkorchia;0,3;Left-Back;Quevilly Rouen Metropole;620215;25
Mamady Bangre;0,3;Midfield;Fc Toulouse;817180;26
Enzo Zidane;0,3;Midfield;Rodez Af;106825;5
Maxime Barthelme;0,3;Midfield;Ea Guingamp;112022;28
Kenny Nagera;0,3;Centre-Forward;Sc Bastia;618416;-
Alassane N'Diaye;0,3;Midfield;Ac Ajaccio;281704;19
Tom Lebeau;0,3;Central Midfield;Chamois Niortais Fc;504349;23
Abdourahmane Ndiaye;0,25;Defensive Midfield;Pau Fc;568687;5
Alexandre Tegar;0,25;Left-Back;Quevilly Rouen Metropole;661257;35
Jonathan Varane;0,25;Central Midfield;Rodez Af;812902;27
Tom Rapnouil;0,25;Left-Back;Fc Toulouse;484993;15
Yacouba Sylla;0,25;Defensive Midfield;Sc Bastia;160080;12
Amir Arli;0,25;Midfield;Dijon Fco;662142;13
Erwan Belhadji;0,25;Right Winger;Dijon Fco;894205;24
Nadjib Cisse;0,25;Centre-Back;Quevilly Rouen Metropole;922496;20
Godwin Bentil;0,25;Centre-Forward;Chamois Niortais Fc;725288;8
Louis Bury;0,25;Centre-Back;Pau Fc;469660;20
Anthony Robic;0,25;Right Winger;Sc Bastia;39924;3
Kleri Serber;0,25;Central Midfield;Fc Toulouse;395697;13
Yannis Clementia;0,25;Goalkeeper;Sm Caen;549318;16
Evens Joseph;0,25;Left Winger;Sm Caen;593320;-
Kelvin Patrick;0,25;Defensive Midfield;As Nancy Lorraine;916429;15
Dimitri Boudaud;0,25;Midfield;Usl Dunkerque;148785;10
Romain Armand;0,25;Centre-Forward;Pau Fc;57344;9
Arnaud Tattevin;0,25;Centre-Forward;Paris Fc;395246;-
Alexandre Bonnet;0,25;Midfield;Ac Le Havre;33906;17
Anthony Goncalves;0,25;Midfield;Sm Caen;111528;17
Johan Rotsen;0,25;Central Midfield;Quevilly Rouen Metropole;342217;33
Zeidane Inoussa;0,25;Left Winger;Sm Caen;579291;-
Aristide Wam;0,25;Defensive Midfield;Ac Le Havre;893674;-
Mathieu Dossevi;0,25;Right Winger;Amiens Sc;77828;8
Riad Nouri;0,25;Right Winger;Ac Ajaccio;119104;5
Esteban Salles;0,25;Goalkeeper;Grenoble Foot 38;323253;30
Hillel Konate;0,25;Goalkeeper;Fc Valenciennes;170549;16
Johny Placide;0,25;Goalkeeper;Sc Bastia;51035;30
Ylan Gomes;0,25;Left Winger;Ac Le Havre;622056;21
Zargo Toure;0,25;Centre-Back;Dijon Fco;81663;23
Jayson Papeau;0,25;Left Winger;Amiens Sc;665525;-
Mathieu Coutadeur;0,25;Central Midfield;Ac Ajaccio;39914;6
Desire Segbe;0,2;Forward;Usl Dunkerque;310770;-
Vladislav Molchan;0,2;Centre-Back;Sm Caen;575781;5
Loup Hervieu;0,2;Central Midfield;Sm Caen;593281;-
Benjamin Bertrand;0,2;Goalkeeper;Pau Fc;195908;30
Massamba Ndiaye;0,2;Goalkeeper;Pau Fc;916497;16
Frederic Sammaritano;0,2;Midfield;Dijon Fco;80173;7
Jeremy Huysman;0,2;Defensive Midfield;Usl Dunkerque;102663;6
Patrick Koffi;0,2;Right Winger;Paris Fc;748958;-
Loup-Diwan Gueho;0,2;Centre-Back;Paris Fc;956708;-
Samy Faraj;0,2;Midfield;Fc Sochaux Montbeliard;810987;23
Enzo Bardeli;0,2;Midfield;Usl Dunkerque;707222;14
Jovanie Tchouatcha;0,2;Left-Back;Usl Dunkerque;205629;-
Junior Olaitan;0,2;Midfield;Chamois Niortais Fc;900938;15
Sael Kumbedi;0,2;Right-Back;Ac Le Havre;951579;-
Josue Casimir;0,2;Centre-Forward;Ac Le Havre;763182;23
Ousoumane Camara;0,2;Defensive Midfield;Aj Auxerre;478107;8
Ilyes Najim;0,2;Midfield;Sm Caen;796862;-
Romain Lejeune;0,2;Goalkeeper;Quevilly Rouen Metropole;78960;16
Norman Bassette;0,2;Centre-Forward;Sm Caen;802997;-
Aeron Zinga;0,2;Right Winger;Fc Valenciennes;748356;-
Nicolas Mercier;0,2;Midfield;Aj Auxerre;627363;11
Arthur Vitelli;0,2;Centre-Back;Ea Guingamp;918871;-
Gaetan Arib;0,2;Defensive Midfield;Fc Valenciennes;607451;23
Amiran Sanaia;0,2;Left-Back;Rodez Af;107395;13
Mustapha Sangare;0,2;Forward;Amiens Sc;832051;27
Theo De Percin;0,2;Goalkeeper;Aj Auxerre;695422;40
Xiaoxuan Ji;0,15;Centre-Forward;Aj Auxerre;251973;-
Theo Barbet;0,15;Centre-Back;Dijon Fco;484987;-
Hugo Barbet;0,15;Goalkeeper;Ea Guingamp;677820;1
Stephane Zobo;0,15;Centre-Forward;Fc Toulouse;690797;-
Sidy Diagne;0,15;Centre-Back;Fc Sochaux Montbeliard;700665;-
Malcolm Viltard;0,15;Central Midfield;Fc Sochaux Montbeliard;840688;24
Reda Benchaa;0,15;Centre-Back;Dijon Fco;854962;-
Yassine Haouari;0,15;Centre-Forward;Fc Valenciennes;893870;33
Amjhad Nazih;0,15;Goalkeeper;Nimes Olympique;654420;30
Marc Vidal;0,15;Goalkeeper;Rodez Af;123160;1
Yoann Beaka;0,15;Attacking Midfield;Paris Fc;983798;-
Enzo Philibert;0,15;Centre-Back;Nimes Olympique;859621;-
Paul Bourdelle;0,15;Goalkeeper;Grenoble Foot 38;583393;16
Chaouki Ben Saada;0,15;Right Winger;Sc Bastia;5597;18
Theo Le Normand;0,15;Midfield;Ea Guingamp;796885;33
Paul Meliande;0,15;Left Winger;Pau Fc;804546;25
Plamedi Buni Jorge;0,15;Midfield;Rodez Af;590701;17
Jean Louchet;0,15;Goalkeeper;Chamois Niortais Fc;392282;40
Jean-Pierre Tiehi;0,15;Forward;Rodez Af;607729;28
Obed Nkambadio;0,15;Goalkeeper;Paris Fc;750878;16
Zinedine Labyad;0,15;Centre-Forward;Grenoble Foot 38;606970;34
Allan Tchaptchet;0,15;Centre-Back;Grenoble Foot 38;465294;21
Vincent Demarconnay;0,15;Goalkeeper;Paris Fc;111216;1
Chris Goteni;0,15;Centre-Back;Grenoble Foot 38;676191;-
Kryss Chapelle;0,15;Right-Back;Aj Auxerre;802894;23
Thomas Secchi;0,15;Goalkeeper;Rodez Af;525107;30
Manuel Semedo;0,15;Right Winger;Usl Dunkerque;540661;34
Thomas Himeur;0,15;Goalkeeper;Fc Toulouse;835136;1
Adam Abeddou;0,15;Midfield;Usl Dunkerque;963835;29
Nacim El Hassani;0,15;Defensive Midfield;Chamois Niortais Fc;991488;-
Hugo Constant;0,15;Goalkeeper;As Nancy Lorraine;556487;30
Dorian Salhi;0,1;Goalkeeper;Usl Dunkerque;590419;16
Axel Francke;0,1;Centre-Forward;As Nancy Lorraine;911988;-
Anis Ajroud;0,1;Left Winger;Ac Ajaccio;855054;-
Paolo Lebas;0,1;Central Midfield;Ac Ajaccio;657919;-
Pierre Zaidan;0,1;Left-Back;Nimes Olympique;885584;33
Nathan Zohore;0,1;Centre-Back;Fc Sochaux Montbeliard;656096;25
Quentin Galvez-Diarra;0,1;Goalkeeper;Fc Sochaux Montbeliard;893365;40
Hugo Morales;0,1;Right-Back;Pau Fc;627467;33
Gary Coulibaly;0,1;Defensive Midfield;Sc Bastia;44689;5
Alexandre Jourda;0,1;Right-Back;Sc Bastia;894262;32
Nolan Galves;0,1;Right-Back;Fc Sochaux Montbeliard;855098;-
Soares;0,1;Centre-Back;As Nancy Lorraine;917211;2
Mathieu Gourgand;0,1;Centre-Forward;Grenoble Foot 38;959804;-
Benjamin Capron-Litique;0,1;Right-Back;Ac Le Havre;768381;-
Skelly Alvero;0,1;Central Midfield;Fc Sochaux Montbeliard;855134;-
David Kabamba Kalonji;0,1;Centre-Back;Usl Dunkerque;694798;23
Yanis Maronne;0,1;Goalkeeper;Chamois Niortais Fc;737486;16
Dylan G'Beuly;0,1;Midfield;Quevilly Rouen Metropole;789407;-
Albin Demouchy;0,1;Centre-Back;Quevilly Rouen Metropole;814930;34
Samir Bouzar;0,1;Right-Back;As Nancy Lorraine;637849;-
Renald Metelus;0,1;Defensive Midfield;Quevilly Rouen Metropole;129448;-
Theo Emmanuelli;0,1;Left-Back;Ac Ajaccio;830255;-
Noe Lebreton;0,1;Defensive Midfield;Sm Caen;926389;-
Ibrahim Mandefu;0,1;Centre-Forward;Amiens Sc;707234;-
Yassine Benhattab;0,1;Midfield;Chamois Niortais Fc;796589;37
Said Saber;0,1;Defensive Midfield;Dijon Fco;971643;-
Yanis Kouini;0,1;Goalkeeper;As Nancy Lorraine;860047;-
Sidi Cisse;0,1;Right Winger;Chamois Niortais Fc;911991;-
Louis Pelletier;0,1;Goalkeeper;Quevilly Rouen Metropole;616283;30
Ryan Ponti;0,1;Midfield;Aj Auxerre;737481;28
Hugo Gambor;0,1;Centre-Back;Paris Fc;775403;17
Hatim Far;0,1;Centre-Forward;Rodez Af;899487;33
Enji Ali Said;0,1;Right Winger;Dijon Fco;806311;-
Oumar Sidibe;0,1;Midfield;Fc Valenciennes;948789;-
Jawed Kalai;0,1;Midfield;Fc Valenciennes;795450;29
Meizy Issifou;0,1;Midfield;Paris Fc;959845;-
Kevin Keben;0,1;Centre-Back;Fc Toulouse;855014;-
Robin Legendre;0,1;Centre-Forward;Sm Caen;796863;-
Djibril Lamego;0,1;Centre-Back;Amiens Sc;768415;-
Lamine Buhanga;0,1;Centre-Back;Ea Guingamp;696630;-
Maxime Nonnenmacher;0,1;Defensive Midfield;As Nancy Lorraine;833274;-
Eliezer Mayenda;0,1;Centre-Forward;Fc Sochaux Montbeliard;967346;-
Jerome Mombris;0,1;Midfielder;Ea Guingamp;141102;-
Henri Dupays;0,1;Defensive Midfield;Amiens Sc;606450;-
Guillaume Restes;0,1;Goalkeeper;Fc Toulouse;912902;-
Amadou Diagne;0,1;Centre-Back;Amiens Sc;804715;-
Ghjuvanni Quilichini;0,1;Goalkeeper;Ac Ajaccio;855050;40
Tafsir Cherif;0,05;Left Winger;Quevilly Rouen Metropole;290935;-
Jorys Mohimont;0,05;Goalkeeper;Rodez Af;959794;-
Lucas Maronnier;0,05;Right-Back;Ea Guingamp;536473;-
Yassine Kechta;0,05;Central Midfield;Ac Le Havre;667967;-
Ibrahima Keita;0,05;Right Winger;Amiens Sc;947358;-
Fares Chaibi;0,05;Midfield;Fc Toulouse;855015;-
Azamat Uriev;0,05;Goalkeeper;Ac Le Havre;768578;-
Amadou Samoura;0,05;Left Winger;Ac Le Havre;770372;-
Fares Mehenni;0,05;Midfield;As Nancy Lorraine;911987;-
Mamadou Kaloga;0,05;Centre-Forward;Quevilly Rouen Metropole;770644;-
Diabe Bolumbu;0,05;Left-Back;Sm Caen;926385;-
Memel Lasme;0,05;Left-Back;Ac Le Havre;892001;-
Sacha Contena;0,05;Goalkeeper;Ac Ajaccio;987302;-
Elias Filet;0,05;Centre-Forward;Fc Sochaux Montbeliard;937994;-
Kevin Danois;0,05;Midfield;Aj Auxerre;743496;-
Alois Penin;0,05;Left-Back;Fc Valenciennes;911989;-
Thomas Roche;0,05;Goalkeeper;Dijon Fco;538993;-
Enzo Breviglieri;0,05;Goalkeeper;Dijon Fco;854980;-
Matteo Rabuel;0,05;Centre-Back;Fc Valenciennes;948787;-
Moise Koumba;0,05;Attacking Midfield;Quevilly Rouen Metropole;911986;-
Corentin Laurent;0,05;Goalkeeper;Fc Valenciennes;948790;-
Enzo Tostivint;0,05;Goalkeeper;Ea Guingamp;805985;-
Matheo Didot;0,05;Defensive Midfield;Ea Guingamp;746160;-
Anthony Angelini;0,05;Central Midfield;Sc Bastia;895084;34
Everson Junior;0,05;Midfield;Ac Ajaccio;919236;-
Marco Giagnorio;0,05;Goalkeeper;As Nancy Lorraine;818109;-
Mohamed Kone;0,05;Goalkeeper;Ac Le Havre;911985;16
Gauthier Madjo-Matsingi;0,05;Right-Back;Quevilly Rouen Metropole;338655;-
Arthur Pontet;0,05;Centre-Back;Nimes Olympique;618477;-
Noe Masevo Muanda;0,05;Right Winger;Paris Fc;946852;-
Killian Corenthin;0,05;Central Midfield;Quevilly Rouen Metropole;912254;-
Marowane Khalid;0,05;Midfield;Nimes Olympique;967146;-
Gregory Assati;0,05;Right Winger;Rodez Af;959786;-
Florian Boucansaud;0,05;Goalkeeper;Fc Sochaux Montbeliard;973816;-
Matthieu Rongier;0,05;Goalkeeper;Amiens Sc;654540;-
Sofiane El Ftouhi;0,05;Attacking Midfield;Nimes Olympique;825670;-
Frederic Senga;0,05;Midfielder;Chamois Niortais Fc;925603;-
Clement Douguet;0,05;Goalkeeper;Aj Auxerre;855144;-
Hugo Ozee;0,05;Centre-Back;Quevilly Rouen Metropole;825653;-
Yannis Lembezat;0,05;Left Winger;Pau Fc;951979;-
Esteban Strazzeri;0,05;Midfield;Grenoble Foot 38;915482;-
Nathan Vigneron;0,05;Right Winger;Usl Dunkerque;712433;-
Gianni Fontana;0,05;Goalkeeper;Sc Bastia;946831;-
Sofiane Belkheir;0,05;Attacking Midfield;Grenoble Foot 38;854857;-
Oumar Ngom;0,05;Central Midfield;Chamois Niortais Fc;980575;-
Mohamed Adel Bacha;0,05;Centre-Forward;Paris Fc;945516;-
Oumar Camara;0,05;Centre-Back;Aj Auxerre;805067;-
