team;league;league-id-tmarkt;league-instat;league-id-instat;teamid;url_sys
Rcd Mallorca;Laliga;ES1;Spain.PrimeraDivision;20;237;https://www.transfermarkt.com/Rcd Mallorca/spielplan/verein/237/saison_id/2021/plus/1#ES1
Fc Granada;Laliga;ES1;Spain.PrimeraDivision;20;16795;https://www.transfermarkt.com/Fc Granada/spielplan/verein/16795/saison_id/2021/plus/1#ES1
Fc Getafe;Laliga;ES1;Spain.PrimeraDivision;20;3709;https://www.transfermarkt.com/Fc Getafe/spielplan/verein/3709/saison_id/2021/plus/1#ES1
Athletic Bilbao;Laliga;ES1;Spain.PrimeraDivision;20;621;https://www.transfermarkt.com/Athletic Bilbao/spielplan/verein/621/saison_id/2021/plus/1#ES1
Espanyol;Laliga;ES1;Spain.PrimeraDivision;20;714;https://www.transfermarkt.com/Espanyol Barcelona/spielplan/verein/714/saison_id/2021/plus/1#ES1
Celta Vigo;Laliga;ES1;Spain.PrimeraDivision;20;940;https://www.transfermarkt.com/Celta Vigo/spielplan/verein/940/saison_id/2021/plus/1#ES1
Fc Cadiz;Laliga;ES1;Spain.PrimeraDivision;20;2687;https://www.transfermarkt.com/Fc Cadiz/spielplan/verein/2687/saison_id/2021/plus/1#ES1
Rayo Vallecano;Laliga;ES1;Spain.PrimeraDivision;20;367;https://www.transfermarkt.com/Rayo Vallecano/spielplan/verein/367/saison_id/2021/plus/1#ES1
Real Betis;Laliga;ES1;Spain.PrimeraDivision;20;150;https://www.transfermarkt.com/Real Betis Sevilla/spielplan/verein/150/saison_id/2021/plus/1#ES1
Fc Villarreal;Laliga;ES1;Spain.PrimeraDivision;20;1050;https://www.transfermarkt.com/Fc Villarreal/spielplan/verein/1050/saison_id/2021/plus/1#ES1
Atletico Madrid;Laliga;ES1;Spain.PrimeraDivision;20;13;https://www.transfermarkt.com/Atletico Madrid/spielplan/verein/13/saison_id/2021/plus/1#ES1
Real Madrid;Laliga;ES1;Spain.PrimeraDivision;20;418;https://www.transfermarkt.com/Real Madrid/spielplan/verein/418/saison_id/2021/plus/1#ES1
Fc Barcelona;Laliga;ES1;Spain.PrimeraDivision;20;131;https://www.transfermarkt.com/Fc Barcelona/spielplan/verein/131/saison_id/2021/plus/1#ES1
Fc Elche;Laliga;ES1;Spain.PrimeraDivision;20;1531;https://www.transfermarkt.com/Fc Elche/spielplan/verein/1531/saison_id/2021/plus/1#ES1
Ca Osasuna;Laliga;ES1;Spain.PrimeraDivision;20;331;https://www.transfermarkt.com/Ca Osasuna/spielplan/verein/331/saison_id/2021/plus/1#ES1
Ud Levante;Laliga;ES1;Spain.PrimeraDivision;20;3368;https://www.transfermarkt.com/Ud Levante/spielplan/verein/3368/saison_id/2021/plus/1#ES1
Fc Sevilla;Laliga;ES1;Spain.PrimeraDivision;20;368;https://www.transfermarkt.com/Fc Sevilla/spielplan/verein/368/saison_id/2021/plus/1#ES1
Fc Valencia;Laliga;ES1;Spain.PrimeraDivision;20;1049;https://www.transfermarkt.com/Fc Valencia/spielplan/verein/1049/saison_id/2021/plus/1#ES1
Real Sociedad San Sebastian;Laliga;ES1;Spain.PrimeraDivision;20;681;https://www.transfermarkt.com/Real Sociedad San Sebastian/spielplan/verein/681/saison_id/2021/plus/1#ES1
Deportivo Alaves;Laliga;ES1;Spain.PrimeraDivision;20;1108;https://www.transfermarkt.com/Deportivo Alaves/spielplan/verein/1108/saison_id/2021/plus/1#ES1
Vfl Bochum;Bundesliga-L1;L1;Germany.Bundesliga;31;80;https://www.transfermarkt.com/Vfl Bochum/spielplan/verein/80/saison_id/2021/plus/1#ES1
1 Fc Union Berlin;Bundesliga-L1;L1;Germany.Bundesliga;31;89;https://www.transfermarkt.com/1 Fc Union Berlin/spielplan/verein/89/saison_id/2021/plus/1#ES1
Hertha Bsc;Bundesliga-L1;L1;Germany.Bundesliga;31;44;https://www.transfermarkt.com/Hertha Bsc/spielplan/verein/44/saison_id/2021/plus/1#ES1
Fc Augsburg;Bundesliga-L1;L1;Germany.Bundesliga;31;167;https://www.transfermarkt.com/Fc Augsburg/spielplan/verein/167/saison_id/2021/plus/1#ES1
Vfb Stuttgart;Bundesliga-L1;L1;Germany.Bundesliga;31;79;https://www.transfermarkt.com/Vfb Stuttgart/spielplan/verein/79/saison_id/2021/plus/1#ES1
Rasenballsport Leipzig;Bundesliga-L1;L1;Germany.Bundesliga;31;23826;https://www.transfermarkt.com/Rasenballsport Leipzig/spielplan/verein/23826/saison_id/2021/plus/1#ES1
Vfl Wolfsburg;Bundesliga-L1;L1;Germany.Bundesliga;31;82;https://www.transfermarkt.com/Vfl Wolfsburg/spielplan/verein/82/saison_id/2021/plus/1#ES1
Eintracht Frankfurt;Bundesliga-L1;L1;Germany.Bundesliga;31;24;https://www.transfermarkt.com/Eintracht Frankfurt/spielplan/verein/24/saison_id/2021/plus/1#ES1
Arminia Bielefeld;Bundesliga-L1;L1;Germany.Bundesliga;31;10;https://www.transfermarkt.com/Arminia Bielefeld/spielplan/verein/10/saison_id/2021/plus/1#ES1
Borussia Monchengladbach;Bundesliga-L1;L1;Germany.Bundesliga;31;18;https://www.transfermarkt.com/Borussia Monchengladbach/spielplan/verein/18/saison_id/2021/plus/1#ES1
Spvgg Greuther Furth;Bundesliga-L1;L1;Germany.Bundesliga;31;65;https://www.transfermarkt.com/Spvgg Greuther Furth/spielplan/verein/65/saison_id/2021/plus/1#ES1
Sc Freiburg;Bundesliga-L1;L1;Germany.Bundesliga;31;60;https://www.transfermarkt.com/Sc Freiburg/spielplan/verein/60/saison_id/2021/plus/1#ES1
1 Fsv Mainz 05;Bundesliga-L1;L1;Germany.Bundesliga;31;39;https://www.transfermarkt.com/1 Fsv Mainz 05/spielplan/verein/39/saison_id/2021/plus/1#ES1
Tsg 1899 Hoffenheim;Bundesliga-L1;L1;Germany.Bundesliga;31;533;https://www.transfermarkt.com/Tsg 1899 Hoffenheim/spielplan/verein/533/saison_id/2021/plus/1#ES1
Fc Bayern Munchen;Bundesliga-L1;L1;Germany.Bundesliga;31;27;https://www.transfermarkt.com/Fc Bayern Munchen/spielplan/verein/27/saison_id/2021/plus/1#ES1
1 Fc Koln;Bundesliga-L1;L1;Germany.Bundesliga;31;3;https://www.transfermarkt.com/1 Fc Koln/spielplan/verein/3/saison_id/2021/plus/1#ES1
Borussia Dortmund;Bundesliga-L1;L1;Germany.Bundesliga;31;16;https://www.transfermarkt.com/Borussia Dortmund/spielplan/verein/16/saison_id/2021/plus/1#ES1
Bayer 04 Leverkusen;Bundesliga-L1;L1;Germany.Bundesliga;31;15;https://www.transfermarkt.com/Bayer 04 Leverkusen/spielplan/verein/15/saison_id/2021/plus/1#ES1
Fc Empoli;Serie-A;IT1;Italy.SerieA;24;749;https://www.transfermarkt.com/Fc Empoli/spielplan/verein/749/saison_id/2021/plus/1#ES1
Ssc Neapel;Serie-A;IT1;Italy.SerieA;24;6195;https://www.transfermarkt.com/Ssc Neapel/spielplan/verein/6195/saison_id/2021/plus/1#ES1
Venezia Fc;Serie-A;IT1;Italy.SerieA;24;607;https://www.transfermarkt.com/Venezia Fc/spielplan/verein/607/saison_id/2021/plus/1#ES1
Us Salernitana 1919;Serie-A;IT1;Italy.SerieA;24;380;https://www.transfermarkt.com/Us Salernitana 1919/spielplan/verein/380/saison_id/2021/plus/1#ES1
Fc Turin;Serie-A;IT1;Italy.SerieA;24;416;https://www.transfermarkt.com/Fc Turin/spielplan/verein/416/saison_id/2021/plus/1#ES1
Inter Mailand;Serie-A;IT1;Italy.SerieA;24;46;https://www.transfermarkt.com/Inter Mailand/spielplan/verein/46/saison_id/2021/plus/1#ES1
Fc Bologna;Serie-A;IT1;Italy.SerieA;24;1025;https://www.transfermarkt.com/Fc Bologna/spielplan/verein/1025/saison_id/2021/plus/1#ES1
Sampdoria Genua;Serie-A;IT1;Italy.SerieA;24;1038;https://www.transfermarkt.com/Sampdoria Genua/spielplan/verein/1038/saison_id/2021/plus/1#ES1
Udinese Calcio;Serie-A;IT1;Italy.SerieA;24;410;https://www.transfermarkt.com/Udinese Calcio/spielplan/verein/410/saison_id/2021/plus/1#ES1
As Rom;Serie-A;IT1;Italy.SerieA;24;12;https://www.transfermarkt.com/As Rom/spielplan/verein/12/saison_id/2021/plus/1#ES1
Ac Mailand;Serie-A;IT1;Italy.SerieA;24;5;https://www.transfermarkt.com/Ac Mailand/spielplan/verein/5/saison_id/2021/plus/1#ES1
Genua Cfc;Serie-A;IT1;Italy.SerieA;24;252;https://www.transfermarkt.com/Genua Cfc/spielplan/verein/252/saison_id/2021/plus/1#ES1
Atalanta Bergamo;Serie-A;IT1;Italy.SerieA;24;800;https://www.transfermarkt.com/Atalanta Bergamo/spielplan/verein/800/saison_id/2021/plus/1#ES1
Juventus Turin;Serie-A;IT1;Italy.SerieA;24;506;https://www.transfermarkt.com/Juventus Turin/spielplan/verein/506/saison_id/2021/plus/1#ES1
Us Sassuolo;Serie-A;IT1;Italy.SerieA;24;6574;https://www.transfermarkt.com/Us Sassuolo/spielplan/verein/6574/saison_id/2021/plus/1#ES1
Lazio Rom;Serie-A;IT1;Italy.SerieA;24;398;https://www.transfermarkt.com/Lazio Rom/spielplan/verein/398/saison_id/2021/plus/1#ES1
Spezia Calcio;Serie-A;IT1;Italy.SerieA;24;3522;https://www.transfermarkt.com/Spezia Calcio/spielplan/verein/3522/saison_id/2021/plus/1#ES1
Fiorentina;Serie-A;IT1;Italy.SerieA;24;430;https://www.transfermarkt.com/Ac Florenz/spielplan/verein/430/saison_id/2021/plus/1#ES1
Hellas Verona;Serie-A;IT1;Italy.SerieA;24;276;https://www.transfermarkt.com/Hellas Verona/spielplan/verein/276/saison_id/2021/plus/1#ES1
Cagliari Calcio;Serie-A;IT1;Italy.SerieA;24;1390;https://www.transfermarkt.com/Cagliari Calcio/spielplan/verein/1390/saison_id/2021/plus/1#ES1
Fc Metz;Ligue-1;FR1;France.Ligue1;37;347;https://www.transfermarkt.com/Fc Metz/spielplan/verein/347/saison_id/2021/plus/1#ES1
Es Troyes Ac;Ligue-1;FR1;France.Ligue1;37;1095;https://www.transfermarkt.com/Es Troyes Ac/spielplan/verein/1095/saison_id/2021/plus/1#ES1
Fc Stade Rennes;Ligue-1;FR1;France.Ligue1;37;273;https://www.transfermarkt.com/Fc Stade Rennes/spielplan/verein/273/saison_id/2021/plus/1#ES1
Stade Reims;Ligue-1;FR1;France.Ligue1;37;1421;https://www.transfermarkt.com/Stade Reims/spielplan/verein/1421/saison_id/2021/plus/1#ES1
Clermont Foot 63;Ligue-1;FR1;France.Ligue1;37;3524;https://www.transfermarkt.com/Clermont Foot 63/spielplan/verein/3524/saison_id/2021/plus/1#ES1
Fc Lorient;Ligue-1;FR1;France.Ligue1;37;1158;https://www.transfermarkt.com/Fc Lorient/spielplan/verein/1158/saison_id/2021/plus/1#ES1
Ogc Nizza;Ligue-1;FR1;France.Ligue1;37;417;https://www.transfermarkt.com/Ogc Nizza/spielplan/verein/417/saison_id/2021/plus/1#ES1
Losc Lille;Ligue-1;FR1;France.Ligue1;37;1082;https://www.transfermarkt.com/Losc Lille/spielplan/verein/1082/saison_id/2021/plus/1#ES1
Olympique Marseille;Ligue-1;FR1;France.Ligue1;37;244;https://www.transfermarkt.com/Olympique Marseille/spielplan/verein/244/saison_id/2021/plus/1#ES1
As Saint Etienne;Ligue-1;FR1;France.Ligue1;37;618;https://www.transfermarkt.com/As Saint Etienne/spielplan/verein/618/saison_id/2021/plus/1#ES1
Stade Brest 29;Ligue-1;FR1;France.Ligue1;37;3911;https://www.transfermarkt.com/Stade Brest 29/spielplan/verein/3911/saison_id/2021/plus/1#ES1
Montpellier Hsc;Ligue-1;FR1;France.Ligue1;37;969;https://www.transfermarkt.com/Montpellier Hsc/spielplan/verein/969/saison_id/2021/plus/1#ES1
Sco Angers;Ligue-1;FR1;France.Ligue1;37;1420;https://www.transfermarkt.com/Sco Angers/spielplan/verein/1420/saison_id/2021/plus/1#ES1
PSG;Ligue-1;FR1;France.Ligue1;37;583;https://www.transfermarkt.com/Fc Paris Saint Germain/spielplan/verein/583/saison_id/2021/plus/1#ES1
Rc Strassburg Alsace;Ligue-1;FR1;France.Ligue1;37;667;https://www.transfermarkt.com/Rc Strassburg Alsace/spielplan/verein/667/saison_id/2021/plus/1#ES1
Olympique Lyon;Ligue-1;FR1;France.Ligue1;37;1041;https://www.transfermarkt.com/Olympique Lyon/spielplan/verein/1041/saison_id/2021/plus/1#ES1
Fc Girondins Bordeaux;Ligue-1;FR1;France.Ligue1;37;40;https://www.transfermarkt.com/Fc Girondins Bordeaux/spielplan/verein/40/saison_id/2021/plus/1#ES1
As Monaco;Ligue-1;FR1;France.Ligue1;37;162;https://www.transfermarkt.com/As Monaco/spielplan/verein/162/saison_id/2021/plus/1#ES1
Rc Lens;Ligue-1;FR1;France.Ligue1;37;826;https://www.transfermarkt.com/Rc Lens/spielplan/verein/826/saison_id/2021/plus/1#ES1
Fc Nantes;Ligue-1;FR1;France.Ligue1;37;995;https://www.transfermarkt.com/Fc Nantes/spielplan/verein/995/saison_id/2021/plus/1#ES1
Crystal Palace;Premier-League;GB1;England.PremierLeague;39;873;https://www.transfermarkt.com/Crystal Palace/spielplan/verein/873/saison_id/2021/plus/1#ES1
Fc Everton;Premier-League;GB1;England.PremierLeague;39;29;https://www.transfermarkt.com/Fc Everton/spielplan/verein/29/saison_id/2021/plus/1#ES1
Wolverhampton Wanderers;Premier-League;GB1;England.PremierLeague;39;543;https://www.transfermarkt.com/Wolverhampton Wanderers/spielplan/verein/543/saison_id/2021/plus/1#ES1
Brighton Amp Hove Albion;Premier-League;GB1;England.PremierLeague;39;1237;https://www.transfermarkt.com/Brighton Amp Hove Albion/spielplan/verein/1237/saison_id/2021/plus/1#ES1
Manchester United;Premier-League;GB1;England.PremierLeague;39;985;https://www.transfermarkt.com/Manchester United/spielplan/verein/985/saison_id/2021/plus/1#ES1
Fc Southampton;Premier-League;GB1;England.PremierLeague;39;180;https://www.transfermarkt.com/Fc Southampton/spielplan/verein/180/saison_id/2021/plus/1#ES1
West Ham United;Premier-League;GB1;England.PremierLeague;39;379;https://www.transfermarkt.com/West Ham United/spielplan/verein/379/saison_id/2021/plus/1#ES1
Aston Villa;Premier-League;GB1;England.PremierLeague;39;405;https://www.transfermarkt.com/Aston Villa/spielplan/verein/405/saison_id/2021/plus/1#ES1
Manchester City;Premier-League;GB1;England.PremierLeague;39;281;https://www.transfermarkt.com/Manchester City/spielplan/verein/281/saison_id/2021/plus/1#ES1
Leeds United;Premier-League;GB1;England.PremierLeague;39;399;https://www.transfermarkt.com/Leeds United/spielplan/verein/399/saison_id/2021/plus/1#ES1
Leicester City;Premier-League;GB1;England.PremierLeague;39;1003;https://www.transfermarkt.com/Leicester City/spielplan/verein/1003/saison_id/2021/plus/1#ES1
Fc Watford;Premier-League;GB1;England.PremierLeague;39;1010;https://www.transfermarkt.com/Fc Watford/spielplan/verein/1010/saison_id/2021/plus/1#ES1
Fc Liverpool;Premier-League;GB1;England.PremierLeague;39;31;https://www.transfermarkt.com/Fc Liverpool/spielplan/verein/31/saison_id/2021/plus/1#ES1
Fc Arsenal;Premier-League;GB1;England.PremierLeague;39;11;https://www.transfermarkt.com/Fc Arsenal/spielplan/verein/11/saison_id/2021/plus/1#ES1
Newcastle United;Premier-League;GB1;England.PremierLeague;39;762;https://www.transfermarkt.com/Newcastle United/spielplan/verein/762/saison_id/2021/plus/1#ES1
Tottenham Hotspur;Premier-League;GB1;England.PremierLeague;39;148;https://www.transfermarkt.com/Tottenham Hotspur/spielplan/verein/148/saison_id/2021/plus/1#ES1
Fc Burnley;Premier-League;GB1;England.PremierLeague;39;1132;https://www.transfermarkt.com/Fc Burnley/spielplan/verein/1132/saison_id/2021/plus/1#ES1
Fc Brentford;Premier-League;GB1;England.PremierLeague;39;1148;https://www.transfermarkt.com/Fc Brentford/spielplan/verein/1148/saison_id/2021/plus/1#ES1
Fc Chelsea;Premier-League;GB1;England.PremierLeague;39;631;https://www.transfermarkt.com/Fc Chelsea/spielplan/verein/631/saison_id/2021/plus/1#ES1
Norwich City;Premier-League;GB1;England.PremierLeague;39;1123;https://www.transfermarkt.com/Norwich City/spielplan/verein/1123/saison_id/2021/plus/1#ES1
Ural Ekaterinburg;Premier-Liga;RU1;Russia.PremierLeague;1;11127;https://www.transfermarkt.com/Ural Ekaterinburg/spielplan/verein/11127/saison_id/2021/plus/1#ES1
Fk Krasnodar;Premier-Liga;RU1;Russia.PremierLeague;1;16704;https://www.transfermarkt.com/Fk Krasnodar/spielplan/verein/16704/saison_id/2021/plus/1#ES1
Fk Rostov;Premier-Liga;RU1;Russia.PremierLeague;1;1083;https://www.transfermarkt.com/Fk Rostov/spielplan/verein/1083/saison_id/2021/plus/1#ES1
Arsenal Tula;Premier-Liga;RU1;Russia.PremierLeague;1;3729;https://www.transfermarkt.com/Arsenal Tula/spielplan/verein/3729/saison_id/2021/plus/1#ES1
Fk Khimki;Premier-Liga;RU1;Russia.PremierLeague;1;3719;https://www.transfermarkt.com/Fk Khimki/spielplan/verein/3719/saison_id/2021/plus/1#ES1
Krylya Sovetov Samara;Premier-Liga;RU1;Russia.PremierLeague;1;2696;https://www.transfermarkt.com/Krylya Sovetov Samara/spielplan/verein/2696/saison_id/2021/plus/1#ES1
CSKA Moscow;Premier-Liga;RU1;Russia.PremierLeague;1;2410;https://www.transfermarkt.com/Zska Moskau/spielplan/verein/2410/saison_id/2021/plus/1#ES1
Fk Sochi;Premier-Liga;RU1;Russia.PremierLeague;1;41231;https://www.transfermarkt.com/Fk Sochi/spielplan/verein/41231/saison_id/2021/plus/1#ES1
Rubin Kazan;Premier-Liga;RU1;Russia.PremierLeague;1;2698;https://www.transfermarkt.com/Rubin Kazan/spielplan/verein/2698/saison_id/2021/plus/1#ES1
Spartak Moskau;Premier-Liga;RU1;Russia.PremierLeague;1;232;https://www.transfermarkt.com/Spartak Moskau/spielplan/verein/232/saison_id/2021/plus/1#ES1
Dinamo Moskau;Premier-Liga;RU1;Russia.PremierLeague;1;121;https://www.transfermarkt.com/Dinamo Moskau/spielplan/verein/121/saison_id/2021/plus/1#ES1
Lokomotiv Moskau;Premier-Liga;RU1;Russia.PremierLeague;1;932;https://www.transfermarkt.com/Lokomotiv Moskau/spielplan/verein/932/saison_id/2021/plus/1#ES1
Fk Ufa;Premier-Liga;RU1;Russia.PremierLeague;1;28095;https://www.transfermarkt.com/Fk Ufa/spielplan/verein/28095/saison_id/2021/plus/1#ES1
Fk Nizhny Novgorod;Premier-Liga;RU1;Russia.PremierLeague;1;49702;https://www.transfermarkt.com/Fk Nizhny Novgorod/spielplan/verein/49702/saison_id/2021/plus/1#ES1
Akhmat Grozny;Premier-Liga;RU1;Russia.PremierLeague;1;3725;https://www.transfermarkt.com/Akhmat Grozny/spielplan/verein/3725/saison_id/2021/plus/1#ES1
Zenit St Petersburg;Premier-Liga;RU1;Russia.PremierLeague;1;964;https://www.transfermarkt.com/Zenit St Petersburg/spielplan/verein/964/saison_id/2021/plus/1#ES1
Rsc Anderlecht;Jupiler-Pro-League;BE1;Belgium.JupilerProLeague;45;58;https://www.transfermarkt.com/Rsc Anderlecht/spielplan/verein/58/saison_id/2021/plus/1#ES1
Royal Antwerpen Fc;Jupiler-Pro-League;BE1;Belgium.JupilerProLeague;45;1096;https://www.transfermarkt.com/Royal Antwerpen Fc/spielplan/verein/1096/saison_id/2021/plus/1#ES1
Oud Heverlee Leuven;Jupiler-Pro-League;BE1;Belgium.JupilerProLeague;45;2727;https://www.transfermarkt.com/Oud Heverlee Leuven/spielplan/verein/2727/saison_id/2021/plus/1#ES1
Krc Genk;Jupiler-Pro-League;BE1;Belgium.JupilerProLeague;45;1184;https://www.transfermarkt.com/Krc Genk/spielplan/verein/1184/saison_id/2021/plus/1#ES1
Vv St Truiden;Jupiler-Pro-League;BE1;Belgium.JupilerProLeague;45;475;https://www.transfermarkt.com/Vv St Truiden/spielplan/verein/475/saison_id/2021/plus/1#ES1
Royale Union Saint Gilloise;Jupiler-Pro-League;BE1;Belgium.JupilerProLeague;45;3948;https://www.transfermarkt.com/Royale Union Saint Gilloise/spielplan/verein/3948/saison_id/2021/plus/1#ES1
Rfc Seraing;Jupiler-Pro-League;BE1;Belgium.JupilerProLeague;45;2715;https://www.transfermarkt.com/Rfc Seraing/spielplan/verein/2715/saison_id/2021/plus/1#ES1
Sv Zulte Waregem;Jupiler-Pro-League;BE1;Belgium.JupilerProLeague;45;3508;https://www.transfermarkt.com/Sv Zulte Waregem/spielplan/verein/3508/saison_id/2021/plus/1#ES1
Kv Mechelen;Jupiler-Pro-League;BE1;Belgium.JupilerProLeague;45;354;https://www.transfermarkt.com/Kv Mechelen/spielplan/verein/354/saison_id/2021/plus/1#ES1
Rsc Charleroi;Jupiler-Pro-League;BE1;Belgium.JupilerProLeague;45;172;https://www.transfermarkt.com/Rsc Charleroi/spielplan/verein/172/saison_id/2021/plus/1#ES1
Kv Kortrijk;Jupiler-Pro-League;BE1;Belgium.JupilerProLeague;45;601;https://www.transfermarkt.com/Kv Kortrijk/spielplan/verein/601/saison_id/2021/plus/1#ES1
Kas Eupen;Jupiler-Pro-League;BE1;Belgium.JupilerProLeague;45;1245;https://www.transfermarkt.com/Kas Eupen/spielplan/verein/1245/saison_id/2021/plus/1#ES1
Kv Oostende;Jupiler-Pro-League;BE1;Belgium.JupilerProLeague;45;2861;https://www.transfermarkt.com/Kv Oostende/spielplan/verein/2861/saison_id/2021/plus/1#ES1
Cercle Brugge;Jupiler-Pro-League;BE1;Belgium.JupilerProLeague;45;520;https://www.transfermarkt.com/Cercle Brugge/spielplan/verein/520/saison_id/2021/plus/1#ES1
Beerschot V A ;Jupiler-Pro-League;BE1;Belgium.JupilerProLeague;45;41274;https://www.transfermarkt.com/Beerschot V A /spielplan/verein/41274/saison_id/2021/plus/1#ES1
Kaa Gent;Jupiler-Pro-League;BE1;Belgium.JupilerProLeague;45;157;https://www.transfermarkt.com/Kaa Gent/spielplan/verein/157/saison_id/2021/plus/1#ES1
Fc Brugge;Jupiler-Pro-League;BE1;Belgium.JupilerProLeague;45;2282;https://www.transfermarkt.com/Fc Brugge/spielplan/verein/2282/saison_id/2021/plus/1#ES1
Standard Luttich;Jupiler-Pro-League;BE1;Belgium.JupilerProLeague;45;3057;https://www.transfermarkt.com/Standard Luttich/spielplan/verein/3057/saison_id/2021/plus/1#ES1
Bristol City;Championship;GB2;England.Championship;105;698;https://www.transfermarkt.com/Bristol City/spielplan/verein/698/saison_id/2021/plus/1#ES1
Cardiff City;Championship;GB2;England.Championship;105;603;https://www.transfermarkt.com/Cardiff City/spielplan/verein/603/saison_id/2021/plus/1#ES1
Fc Millwall;Championship;GB2;England.Championship;105;1028;https://www.transfermarkt.com/Fc Millwall/spielplan/verein/1028/saison_id/2021/plus/1#ES1
Fc Barnsley;Championship;GB2;England.Championship;105;349;https://www.transfermarkt.com/Fc Barnsley/spielplan/verein/349/saison_id/2021/plus/1#ES1
Queens Park Rangers;Championship;GB2;England.Championship;105;1039;https://www.transfermarkt.com/Queens Park Rangers/spielplan/verein/1039/saison_id/2021/plus/1#ES1
Stoke City;Championship;GB2;England.Championship;105;512;https://www.transfermarkt.com/Stoke City/spielplan/verein/512/saison_id/2021/plus/1#ES1
West Bromwich Albion;Championship;GB2;England.Championship;105;984;https://www.transfermarkt.com/West Bromwich Albion/spielplan/verein/984/saison_id/2021/plus/1#ES1
Birmingham City;Championship;GB2;England.Championship;105;337;https://www.transfermarkt.com/Birmingham City/spielplan/verein/337/saison_id/2021/plus/1#ES1
Afc Bournemouth;Championship;GB2;England.Championship;105;989;https://www.transfermarkt.com/Afc Bournemouth/spielplan/verein/989/saison_id/2021/plus/1#ES1
Fc Reading;Championship;GB2;England.Championship;105;1032;https://www.transfermarkt.com/Fc Reading/spielplan/verein/1032/saison_id/2021/plus/1#ES1
Fc Blackpool;Championship;GB2;England.Championship;105;1181;https://www.transfermarkt.com/Fc Blackpool/spielplan/verein/1181/saison_id/2021/plus/1#ES1
Fc Middlesbrough;Championship;GB2;England.Championship;105;641;https://www.transfermarkt.com/Fc Middlesbrough/spielplan/verein/641/saison_id/2021/plus/1#ES1
Luton Town;Championship;GB2;England.Championship;105;1031;https://www.transfermarkt.com/Luton Town/spielplan/verein/1031/saison_id/2021/plus/1#ES1
Hull City;Championship;GB2;England.Championship;105;3008;https://www.transfermarkt.com/Hull City/spielplan/verein/3008/saison_id/2021/plus/1#ES1
Huddersfield Town;Championship;GB2;England.Championship;105;1110;https://www.transfermarkt.com/Huddersfield Town/spielplan/verein/1110/saison_id/2021/plus/1#ES1
Nottingham Forest;Championship;GB2;England.Championship;105;703;https://www.transfermarkt.com/Nottingham Forest/spielplan/verein/703/saison_id/2021/plus/1#ES1
Derby County;Championship;GB2;England.Championship;105;22;https://www.transfermarkt.com/Derby County/spielplan/verein/22/saison_id/2021/plus/1#ES1
Peterborough United;Championship;GB2;England.Championship;105;1072;https://www.transfermarkt.com/Peterborough United/spielplan/verein/1072/saison_id/2021/plus/1#ES1
Swansea City;Championship;GB2;England.Championship;105;2288;https://www.transfermarkt.com/Swansea City/spielplan/verein/2288/saison_id/2021/plus/1#ES1
Preston North End;Championship;GB2;England.Championship;105;466;https://www.transfermarkt.com/Preston North End/spielplan/verein/466/saison_id/2021/plus/1#ES1
Blackburn Rovers;Championship;GB2;England.Championship;105;164;https://www.transfermarkt.com/Blackburn Rovers/spielplan/verein/164/saison_id/2021/plus/1#ES1
Fc Fulham;Championship;GB2;England.Championship;105;931;https://www.transfermarkt.com/Fc Fulham/spielplan/verein/931/saison_id/2021/plus/1#ES1
Coventry City;Championship;GB2;England.Championship;105;990;https://www.transfermarkt.com/Coventry City/spielplan/verein/990/saison_id/2021/plus/1#ES1
Sheffield United;Championship;GB2;England.Championship;105;350;https://www.transfermarkt.com/Sheffield United/spielplan/verein/350/saison_id/2021/plus/1#ES1
Paris Fc;Ligue-2;FR2;France.Ligue2;110;10004;https://www.transfermarkt.com/Paris Fc/spielplan/verein/10004/saison_id/2021/plus/1#ES1
Fc Valenciennes;Ligue-2;FR2;France.Ligue2;110;1423;https://www.transfermarkt.com/Fc Valenciennes/spielplan/verein/1423/saison_id/2021/plus/1#ES1
Rodez Af;Ligue-2;FR2;France.Ligue2;110;11273;https://www.transfermarkt.com/Rodez Af/spielplan/verein/11273/saison_id/2021/plus/1#ES1
Quevilly Rouen Metropole;Ligue-2;FR2;France.Ligue2;110;7124;https://www.transfermarkt.com/Quevilly Rouen Metropole/spielplan/verein/7124/saison_id/2021/plus/1#ES1
Ac Le Havre;Ligue-2;FR2;France.Ligue2;110;738;https://www.transfermarkt.com/Ac Le Havre/spielplan/verein/738/saison_id/2021/plus/1#ES1
Ac Ajaccio;Ligue-2;FR2;France.Ligue2;110;1147;https://www.transfermarkt.com/Ac Ajaccio/spielplan/verein/1147/saison_id/2021/plus/1#ES1
Nimes Olympique;Ligue-2;FR2;France.Ligue2;110;1160;https://www.transfermarkt.com/Nimes Olympique/spielplan/verein/1160/saison_id/2021/plus/1#ES1
Pau Fc;Ligue-2;FR2;France.Ligue2;110;3166;https://www.transfermarkt.com/Pau Fc/spielplan/verein/3166/saison_id/2021/plus/1#ES1
Usl Dunkerque;Ligue-2;FR2;France.Ligue2;110;9202;https://www.transfermarkt.com/Usl Dunkerque/spielplan/verein/9202/saison_id/2021/plus/1#ES1
Sm Caen;Ligue-2;FR2;France.Ligue2;110;1162;https://www.transfermarkt.com/Sm Caen/spielplan/verein/1162/saison_id/2021/plus/1#ES1
Aj Auxerre;Ligue-2;FR2;France.Ligue2;110;290;https://www.transfermarkt.com/Aj Auxerre/spielplan/verein/290/saison_id/2021/plus/1#ES1
Amiens Sc;Ligue-2;FR2;France.Ligue2;110;1416;https://www.transfermarkt.com/Amiens Sc/spielplan/verein/1416/saison_id/2021/plus/1#ES1
As Nancy Lorraine;Ligue-2;FR2;France.Ligue2;110;1159;https://www.transfermarkt.com/As Nancy Lorraine/spielplan/verein/1159/saison_id/2021/plus/1#ES1
Grenoble Foot 38;Ligue-2;FR2;France.Ligue2;110;1290;https://www.transfermarkt.com/Grenoble Foot 38/spielplan/verein/1290/saison_id/2021/plus/1#ES1
Sc Bastia;Ligue-2;FR2;France.Ligue2;110;595;https://www.transfermarkt.com/Sc Bastia/spielplan/verein/595/saison_id/2021/plus/1#ES1
Fc Sochaux Montbeliard;Ligue-2;FR2;France.Ligue2;110;750;https://www.transfermarkt.com/Fc Sochaux Montbeliard/spielplan/verein/750/saison_id/2021/plus/1#ES1
Ea Guingamp;Ligue-2;FR2;France.Ligue2;110;855;https://www.transfermarkt.com/Ea Guingamp/spielplan/verein/855/saison_id/2021/plus/1#ES1
Niort;Ligue-2;FR2;France.Ligue2;110;1161;https://www.transfermarkt.com/Chamois Niortais Fc/spielplan/verein/1161/saison_id/2021/plus/1#ES1
Fc Toulouse;Ligue-2;FR2;France.Ligue2;110;415;https://www.transfermarkt.com/Fc Toulouse/spielplan/verein/415/saison_id/2021/plus/1#ES1
Dijon Fco;Ligue-2;FR2;France.Ligue2;110;2969;https://www.transfermarkt.com/Dijon Fco/spielplan/verein/2969/saison_id/2021/plus/1#ES1
Gil Vicente Fc;Liga-Portugal;PO1;Portugal.PrimeiraLiga;28;2424;https://www.transfermarkt.com/Gil Vicente Fc/spielplan/verein/2424/saison_id/2021/plus/1#ES1
Cd Tondela;Liga-Portugal;PO1;Portugal.PrimeiraLiga;28;7179;https://www.transfermarkt.com/Cd Tondela/spielplan/verein/7179/saison_id/2021/plus/1#ES1
Fc Pacos De Ferreira;Liga-Portugal;PO1;Portugal.PrimeiraLiga;28;2995;https://www.transfermarkt.com/Fc Pacos De Ferreira/spielplan/verein/2995/saison_id/2021/plus/1#ES1
Fc Vizela;Liga-Portugal;PO1;Portugal.PrimeiraLiga;28;6912;https://www.transfermarkt.com/Fc Vizela/spielplan/verein/6912/saison_id/2021/plus/1#ES1
Boavista;Liga-Portugal;PO1;Portugal.PrimeiraLiga;28;2503;https://www.transfermarkt.com/Boavista Porto Fc/spielplan/verein/2503/saison_id/2021/plus/1#ES1
Belenenses Sad;Liga-Portugal;PO1;Portugal.PrimeiraLiga;28;2457;https://www.transfermarkt.com/Belenenses Sad/spielplan/verein/2457/saison_id/2021/plus/1#ES1
Vitoria Guimaraes Sc;Liga-Portugal;PO1;Portugal.PrimeiraLiga;28;2420;https://www.transfermarkt.com/Vitoria Guimaraes Sc/spielplan/verein/2420/saison_id/2021/plus/1#ES1
Fc Porto;Liga-Portugal;PO1;Portugal.PrimeiraLiga;28;720;https://www.transfermarkt.com/Fc Porto/spielplan/verein/720/saison_id/2021/plus/1#ES1
Moreirense Fc;Liga-Portugal;PO1;Portugal.PrimeiraLiga;28;979;https://www.transfermarkt.com/Moreirense Fc/spielplan/verein/979/saison_id/2021/plus/1#ES1
Sc Braga;Liga-Portugal;PO1;Portugal.PrimeiraLiga;28;1075;https://www.transfermarkt.com/Sc Braga/spielplan/verein/1075/saison_id/2021/plus/1#ES1
Benfica Lissabon;Liga-Portugal;PO1;Portugal.PrimeiraLiga;28;294;https://www.transfermarkt.com/Benfica Lissabon/spielplan/verein/294/saison_id/2021/plus/1#ES1
Fc Famalicao;Liga-Portugal;PO1;Portugal.PrimeiraLiga;28;3329;https://www.transfermarkt.com/Fc Famalicao/spielplan/verein/3329/saison_id/2021/plus/1#ES1
Cd Santa Clara;Liga-Portugal;PO1;Portugal.PrimeiraLiga;28;2423;https://www.transfermarkt.com/Cd Santa Clara/spielplan/verein/2423/saison_id/2021/plus/1#ES1
Portimonense Sc;Liga-Portugal;PO1;Portugal.PrimeiraLiga;28;7378;https://www.transfermarkt.com/Portimonense Sc/spielplan/verein/7378/saison_id/2021/plus/1#ES1
Sporting Lissabon;Liga-Portugal;PO1;Portugal.PrimeiraLiga;28;336;https://www.transfermarkt.com/Sporting Lissabon/spielplan/verein/336/saison_id/2021/plus/1#ES1
Gd Estoril Praia;Liga-Portugal;PO1;Portugal.PrimeiraLiga;28;1465;https://www.transfermarkt.com/Gd Estoril Praia/spielplan/verein/1465/saison_id/2021/plus/1#ES1
Cs Maritimo;Liga-Portugal;PO1;Portugal.PrimeiraLiga;28;1301;https://www.transfermarkt.com/Cs Maritimo/spielplan/verein/1301/saison_id/2021/plus/1#ES1
Fc Arouca;Liga-Portugal;PO1;Portugal.PrimeiraLiga;28;8024;https://www.transfermarkt.com/Fc Arouca/spielplan/verein/8024/saison_id/2021/plus/1#ES1
Rakow Czestochowa;Pko-Ekstraklasa;PL1;Poland.PKOBankPolskiEkstraklasa;85;9644;https://www.transfermarkt.com/Rakow Czestochowa/spielplan/verein/9644/saison_id/2021/plus/1#ES1
Pogon Stettin;Pko-Ekstraklasa;PL1;Poland.PKOBankPolskiEkstraklasa;85;324;https://www.transfermarkt.com/Pogon Stettin/spielplan/verein/324/saison_id/2021/plus/1#ES1
Gornik Leczna;Pko-Ekstraklasa;PL1;Poland.PKOBankPolskiEkstraklasa;85;3291;https://www.transfermarkt.com/Gornik Leczna/spielplan/verein/3291/saison_id/2021/plus/1#ES1
Piast Gliwice;Pko-Ekstraklasa;PL1;Poland.PKOBankPolskiEkstraklasa;85;6112;https://www.transfermarkt.com/Piast Gliwice/spielplan/verein/6112/saison_id/2021/plus/1#ES1
Warta Posen;Pko-Ekstraklasa;PL1;Poland.PKOBankPolskiEkstraklasa;85;7146;https://www.transfermarkt.com/Warta Posen/spielplan/verein/7146/saison_id/2021/plus/1#ES1
Lechia Gdansk;Pko-Ekstraklasa;PL1;Poland.PKOBankPolskiEkstraklasa;85;4000;https://www.transfermarkt.com/Lechia Gdansk/spielplan/verein/4000/saison_id/2021/plus/1#ES1
Legia Warschau;Pko-Ekstraklasa;PL1;Poland.PKOBankPolskiEkstraklasa;85;255;https://www.transfermarkt.com/Legia Warschau/spielplan/verein/255/saison_id/2021/plus/1#ES1
Wisla Krakau;Pko-Ekstraklasa;PL1;Poland.PKOBankPolskiEkstraklasa;85;422;https://www.transfermarkt.com/Wisla Krakau/spielplan/verein/422/saison_id/2021/plus/1#ES1
Zaglebie Lubin;Pko-Ekstraklasa;PL1;Poland.PKOBankPolskiEkstraklasa;85;168;https://www.transfermarkt.com/Zaglebie Lubin/spielplan/verein/168/saison_id/2021/plus/1#ES1
Jagiellonia Bialystok;Pko-Ekstraklasa;PL1;Poland.PKOBankPolskiEkstraklasa;85;2300;https://www.transfermarkt.com/Jagiellonia Bialystok/spielplan/verein/2300/saison_id/2021/plus/1#ES1
?l?sk Wroc?aw;Pko-Ekstraklasa;PL1;Poland.PKOBankPolskiEkstraklasa;85;759;https://www.transfermarkt.com/Slask Wroclaw/spielplan/verein/759/saison_id/2021/plus/1#ES1
Lech Posen;Pko-Ekstraklasa;PL1;Poland.PKOBankPolskiEkstraklasa;85;238;https://www.transfermarkt.com/Lech Posen/spielplan/verein/238/saison_id/2021/plus/1#ES1
Stal Mielec;Pko-Ekstraklasa;PL1;Poland.PKOBankPolskiEkstraklasa;85;22431;https://www.transfermarkt.com/Stal Mielec/spielplan/verein/22431/saison_id/2021/plus/1#ES1
Gornik Zabrze;Pko-Ekstraklasa;PL1;Poland.PKOBankPolskiEkstraklasa;85;428;https://www.transfermarkt.com/Gornik Zabrze/spielplan/verein/428/saison_id/2021/plus/1#ES1
Cracovia;Pko-Ekstraklasa;PL1;Poland.PKOBankPolskiEkstraklasa;85;5689;https://www.transfermarkt.com/Cracovia/spielplan/verein/5689/saison_id/2021/plus/1#ES1
Wisla Plock;Pko-Ekstraklasa;PL1;Poland.PKOBankPolskiEkstraklasa;85;2118;https://www.transfermarkt.com/Wisla Plock/spielplan/verein/2118/saison_id/2021/plus/1#ES1
Bruk Bet Termalica Nieciecza;Pko-Ekstraklasa;PL1;Poland.PKOBankPolskiEkstraklasa;85;15906;https://www.transfermarkt.com/Bruk Bet Termalica Nieciecza/spielplan/verein/15906/saison_id/2021/plus/1#ES1
Radomiak Radom;Pko-Ekstraklasa;PL1;Poland.PKOBankPolskiEkstraklasa;85;7154;https://www.transfermarkt.com/Radomiak Radom/spielplan/verein/7154/saison_id/2021/plus/1#ES1
Fk Partizan Belgrad;Super-Liga-Srbije;SER1;Serbia.SuperLiga;60;669;https://www.transfermarkt.com/Fk Partizan Belgrad/spielplan/verein/669/saison_id/2021/plus/1#ES1
Fk Cukaricki;Super-Liga-Srbije;SER1;Serbia.SuperLiga;60;6621;https://www.transfermarkt.com/Fk Cukaricki/spielplan/verein/6621/saison_id/2021/plus/1#ES1
Fk Mladost Lucani;Super-Liga-Srbije;SER1;Serbia.SuperLiga;60;6622;https://www.transfermarkt.com/Fk Mladost Lucani/spielplan/verein/6622/saison_id/2021/plus/1#ES1
Fk Radnicki Nis;Super-Liga-Srbije;SER1;Serbia.SuperLiga;60;7567;https://www.transfermarkt.com/Fk Radnicki Nis/spielplan/verein/7567/saison_id/2021/plus/1#ES1
Fk Proleter Novi Sad;Super-Liga-Srbije;SER1;Serbia.SuperLiga;60;19488;https://www.transfermarkt.com/Fk Proleter Novi Sad/spielplan/verein/19488/saison_id/2021/plus/1#ES1
Fk Radnicki 1923 Kragujevac;Super-Liga-Srbije;SER1;Serbia.SuperLiga;60;4645;https://www.transfermarkt.com/Fk Radnicki 1923 Kragujevac/spielplan/verein/4645/saison_id/2021/plus/1#ES1
Fk Vojvodina Novi Sad;Super-Liga-Srbije;SER1;Serbia.SuperLiga;60;448;https://www.transfermarkt.com/Fk Vojvodina Novi Sad/spielplan/verein/448/saison_id/2021/plus/1#ES1
Fk Kolubara Lazarevac;Super-Liga-Srbije;SER1;Serbia.SuperLiga;60;12514;https://www.transfermarkt.com/Fk Kolubara Lazarevac/spielplan/verein/12514/saison_id/2021/plus/1#ES1
Fk Tsc Backa Topola;Super-Liga-Srbije;SER1;Serbia.SuperLiga;60;3137;https://www.transfermarkt.com/Fk Tsc Backa Topola/spielplan/verein/3137/saison_id/2021/plus/1#ES1
Fk Metalac Gornji Milanovac;Super-Liga-Srbije;SER1;Serbia.SuperLiga;60;12135;https://www.transfermarkt.com/Fk Metalac Gornji Milanovac/spielplan/verein/12135/saison_id/2021/plus/1#ES1
Fk Vozdovac;Super-Liga-Srbije;SER1;Serbia.SuperLiga;60;4634;https://www.transfermarkt.com/Fk Vozdovac/spielplan/verein/4634/saison_id/2021/plus/1#ES1
Fk Novi Pazar;Super-Liga-Srbije;SER1;Serbia.SuperLiga;60;4633;https://www.transfermarkt.com/Fk Novi Pazar/spielplan/verein/4633/saison_id/2021/plus/1#ES1
Fk Napredak Krusevac;Super-Liga-Srbije;SER1;Serbia.SuperLiga;60;788;https://www.transfermarkt.com/Fk Napredak Krusevac/spielplan/verein/788/saison_id/2021/plus/1#ES1
Roter Stern Belgrad;Super-Liga-Srbije;SER1;Serbia.SuperLiga;60;159;https://www.transfermarkt.com/Roter Stern Belgrad/spielplan/verein/159/saison_id/2021/plus/1#ES1
Fk Spartak Subotica;Super-Liga-Srbije;SER1;Serbia.SuperLiga;60;15276;https://www.transfermarkt.com/Fk Spartak Subotica/spielplan/verein/15276/saison_id/2021/plus/1#ES1
Fk Radnik Surdulica;Super-Liga-Srbije;SER1;Serbia.SuperLiga;60;33328;https://www.transfermarkt.com/Fk Radnik Surdulica/spielplan/verein/33328/saison_id/2021/plus/1#ES1
Nk Domzale;Prva-Liga;SL1;Slovenia.1.SNL;97;6248;https://www.transfermarkt.com/Nk Domzale/spielplan/verein/6248/saison_id/2021/plus/1#ES1
Nk Celje;Prva-Liga;SL1;Slovenia.1.SNL;97;710;https://www.transfermarkt.com/Nk Celje/spielplan/verein/710/saison_id/2021/plus/1#ES1
Nk Radomlje;Prva-Liga;SL1;Slovenia.1.SNL;97;21460;https://www.transfermarkt.com/Nk Radomlje/spielplan/verein/21460/saison_id/2021/plus/1#ES1
Nk Bravo;Prva-Liga;SL1;Slovenia.1.SNL;97;26985;https://www.transfermarkt.com/Nk Bravo/spielplan/verein/26985/saison_id/2021/plus/1#ES1
Nk Tabor Sezana;Prva-Liga;SL1;Slovenia.1.SNL;97;20656;https://www.transfermarkt.com/Nk Tabor Sezana/spielplan/verein/20656/saison_id/2021/plus/1#ES1
Fc Koper;Prva-Liga;SL1;Slovenia.1.SNL;97;433;https://www.transfermarkt.com/Fc Koper/spielplan/verein/433/saison_id/2021/plus/1#ES1
Ns Mura;Prva-Liga;SL1;Slovenia.1.SNL;97;4059;https://www.transfermarkt.com/Ns Mura/spielplan/verein/4059/saison_id/2021/plus/1#ES1
Nk Olimpija Ljubljana;Prva-Liga;SL1;Slovenia.1.SNL;97;4772;https://www.transfermarkt.com/Nk Olimpija Ljubljana/spielplan/verein/4772/saison_id/2021/plus/1#ES1
Nk Aluminij Kidricevo;Prva-Liga;SL1;Slovenia.1.SNL;97;11033;https://www.transfermarkt.com/Nk Aluminij Kidricevo/spielplan/verein/11033/saison_id/2021/plus/1#ES1
Nk Maribor;Prva-Liga;SL1;Slovenia.1.SNL;97;790;https://www.transfermarkt.com/Nk Maribor/spielplan/verein/790/saison_id/2021/plus/1#ES1
Ud Almeria;Laliga2;ES2;Spain.SegundaDivision;109;3302;https://www.transfermarkt.com/Ud Almeria/spielplan/verein/3302/saison_id/2021/plus/1#ES1
Fc Malaga;Laliga2;ES2;Spain.SegundaDivision;109;1084;https://www.transfermarkt.com/Fc Malaga/spielplan/verein/1084/saison_id/2021/plus/1#ES1
Ad Alcorcon;Laliga2;ES2;Spain.SegundaDivision;109;11596;https://www.transfermarkt.com/Ad Alcorcon/spielplan/verein/11596/saison_id/2021/plus/1#ES1
Sd Eibar;Laliga2;ES2;Spain.SegundaDivision;109;1533;https://www.transfermarkt.com/Sd Eibar/spielplan/verein/1533/saison_id/2021/plus/1#ES1
Cd Lugo;Laliga2;ES2;Spain.SegundaDivision;109;11000;https://www.transfermarkt.com/Cd Lugo/spielplan/verein/11000/saison_id/2021/plus/1#ES1
Sporting Gijon;Laliga2;ES2;Spain.SegundaDivision;109;2448;https://www.transfermarkt.com/Sporting Gijon/spielplan/verein/2448/saison_id/2021/plus/1#ES1
Sd Ponferradina;Laliga2;ES2;Spain.SegundaDivision;109;4032;https://www.transfermarkt.com/Sd Ponferradina/spielplan/verein/4032/saison_id/2021/plus/1#ES1
Real Oviedo;Laliga2;ES2;Spain.SegundaDivision;109;2497;https://www.transfermarkt.com/Real Oviedo/spielplan/verein/2497/saison_id/2021/plus/1#ES1
Sd Huesca;Laliga2;ES2;Spain.SegundaDivision;109;5358;https://www.transfermarkt.com/Sd Huesca/spielplan/verein/5358/saison_id/2021/plus/1#ES1
Fc Fuenlabrada;Laliga2;ES2;Spain.SegundaDivision;109;16486;https://www.transfermarkt.com/Fc Fuenlabrada/spielplan/verein/16486/saison_id/2021/plus/1#ES1
Cd Mirandes;Laliga2;ES2;Spain.SegundaDivision;109;13222;https://www.transfermarkt.com/Cd Mirandes/spielplan/verein/13222/saison_id/2021/plus/1#ES1
Cd Leganes;Laliga2;ES2;Spain.SegundaDivision;109;1244;https://www.transfermarkt.com/Cd Leganes/spielplan/verein/1244/saison_id/2021/plus/1#ES1
Real Valladolid;Laliga2;ES2;Spain.SegundaDivision;109;366;https://www.transfermarkt.com/Real Valladolid/spielplan/verein/366/saison_id/2021/plus/1#ES1
Burgos Cf;Laliga2;ES2;Spain.SegundaDivision;109;1536;https://www.transfermarkt.com/Burgos Cf/spielplan/verein/1536/saison_id/2021/plus/1#ES1
Ud Las Palmas;Laliga2;ES2;Spain.SegundaDivision;109;472;https://www.transfermarkt.com/Ud Las Palmas/spielplan/verein/472/saison_id/2021/plus/1#ES1
Sd Amorebieta;Laliga2;ES2;Spain.SegundaDivision;109;16575;https://www.transfermarkt.com/Sd Amorebieta/spielplan/verein/16575/saison_id/2021/plus/1#ES1
Real Sociedad B;Laliga2;ES2;Spain.SegundaDivision;109;9899;https://www.transfermarkt.com/Real Sociedad B/spielplan/verein/9899/saison_id/2021/plus/1#ES1
Cd Teneriffa;Laliga2;ES2;Spain.SegundaDivision;109;648;https://www.transfermarkt.com/Cd Teneriffa/spielplan/verein/648/saison_id/2021/plus/1#ES1
Real Saragossa;Laliga2;ES2;Spain.SegundaDivision;109;142;https://www.transfermarkt.com/Real Saragossa/spielplan/verein/142/saison_id/2021/plus/1#ES1
Fc Girona;Laliga2;ES2;Spain.SegundaDivision;109;12321;https://www.transfermarkt.com/Fc Girona/spielplan/verein/12321/saison_id/2021/plus/1#ES1
Fc Cartagena;Laliga2;ES2;Spain.SegundaDivision;109;7077;https://www.transfermarkt.com/Fc Cartagena/spielplan/verein/7077/saison_id/2021/plus/1#ES1
Ud Ibiza;Laliga2;ES2;Spain.SegundaDivision;109;13241;https://www.transfermarkt.com/Ud Ibiza/spielplan/verein/13241/saison_id/2021/plus/1#ES1
Galatasaray Istanbul;Super-Lig;TR1;Turkey.SuperLig;35;141;https://www.transfermarkt.com/Galatasaray Istanbul/spielplan/verein/141/saison_id/2021/plus/1#ES1
Goztepe;Super-Lig;TR1;Turkey.SuperLig;35;1467;https://www.transfermarkt.com/Goztepe/spielplan/verein/1467/saison_id/2021/plus/1#ES1
Yeni Malatyaspor;Super-Lig;TR1;Turkey.SuperLig;35;19789;https://www.transfermarkt.com/Yeni Malatyaspor/spielplan/verein/19789/saison_id/2021/plus/1#ES1
Istanbul Basaksehir Fk;Super-Lig;TR1;Turkey.SuperLig;35;6890;https://www.transfermarkt.com/Istanbul Basaksehir Fk/spielplan/verein/6890/saison_id/2021/plus/1#ES1
Hatayspor;Super-Lig;TR1;Turkey.SuperLig;35;7775;https://www.transfermarkt.com/Hatayspor/spielplan/verein/7775/saison_id/2021/plus/1#ES1
Fenerbahce Istanbul;Super-Lig;TR1;Turkey.SuperLig;35;36;https://www.transfermarkt.com/Fenerbahce Istanbul/spielplan/verein/36/saison_id/2021/plus/1#ES1
Kayserispor;Super-Lig;TR1;Turkey.SuperLig;35;3205;https://www.transfermarkt.com/Kayserispor/spielplan/verein/3205/saison_id/2021/plus/1#ES1
Gaziantep Fk;Super-Lig;TR1;Turkey.SuperLig;35;2832;https://www.transfermarkt.com/Gaziantep Fk/spielplan/verein/2832/saison_id/2021/plus/1#ES1
Besiktas Istanbul;Super-Lig;TR1;Turkey.SuperLig;35;114;https://www.transfermarkt.com/Besiktas Istanbul/spielplan/verein/114/saison_id/2021/plus/1#ES1
Alanyaspor;Super-Lig;TR1;Turkey.SuperLig;35;11282;https://www.transfermarkt.com/Alanyaspor/spielplan/verein/11282/saison_id/2021/plus/1#ES1
Kasimpasa;Super-Lig;TR1;Turkey.SuperLig;35;10484;https://www.transfermarkt.com/Kasimpasa/spielplan/verein/10484/saison_id/2021/plus/1#ES1
Fatih Karagumruk;Super-Lig;TR1;Turkey.SuperLig;35;6646;https://www.transfermarkt.com/Fatih Karagumruk/spielplan/verein/6646/saison_id/2021/plus/1#ES1
Altay Sk;Super-Lig;TR1;Turkey.SuperLig;35;2375;https://www.transfermarkt.com/Altay Sk/spielplan/verein/2375/saison_id/2021/plus/1#ES1
Adana Demirspor;Super-Lig;TR1;Turkey.SuperLig;35;3840;https://www.transfermarkt.com/Adana Demirspor/spielplan/verein/3840/saison_id/2021/plus/1#ES1
Antalyaspor;Super-Lig;TR1;Turkey.SuperLig;35;589;https://www.transfermarkt.com/Antalyaspor/spielplan/verein/589/saison_id/2021/plus/1#ES1
Giresunspor;Super-Lig;TR1;Turkey.SuperLig;35;11688;https://www.transfermarkt.com/Giresunspor/spielplan/verein/11688/saison_id/2021/plus/1#ES1
Konyaspor;Super-Lig;TR1;Turkey.SuperLig;35;2293;https://www.transfermarkt.com/Konyaspor/spielplan/verein/2293/saison_id/2021/plus/1#ES1
Caykur Rizespor;Super-Lig;TR1;Turkey.SuperLig;35;126;https://www.transfermarkt.com/Caykur Rizespor/spielplan/verein/126/saison_id/2021/plus/1#ES1
Trabzonspor;Super-Lig;TR1;Turkey.SuperLig;35;449;https://www.transfermarkt.com/Trabzonspor/spielplan/verein/449/saison_id/2021/plus/1#ES1
Sivasspor;Super-Lig;TR1;Turkey.SuperLig;35;2381;https://www.transfermarkt.com/Sivasspor/spielplan/verein/2381/saison_id/2021/plus/1#ES1
Club Atletico Independiente;Professional-Football-League;AR1N;Argentina.PrimeraDivision;93;1234;https://www.transfermarkt.com/Club Atletico Independiente/spielplan/verein/1234/saison_id/2021/plus/1#ES1
Arsenal Futbol Club;Professional-Football-League;AR1N;Argentina.PrimeraDivision;93;4673;https://www.transfermarkt.com/Arsenal Futbol Club/spielplan/verein/4673/saison_id/2021/plus/1#ES1
Club Atletico Platense;Professional-Football-League;AR1N;Argentina.PrimeraDivision;93;928;https://www.transfermarkt.com/Club Atletico Platense/spielplan/verein/928/saison_id/2021/plus/1#ES1
Club Atletico Tigre;Professional-Football-League;AR1N;Argentina.PrimeraDivision;93;11831;https://www.transfermarkt.com/Club Atletico Tigre/spielplan/verein/11831/saison_id/2021/plus/1#ES1
Argentinos Juniors;Professional-Football-League;AR1N;Argentina.PrimeraDivision;93;1030;https://www.transfermarkt.com/Argentinos Juniors/spielplan/verein/1030/saison_id/2021/plus/1#ES1
Club Atletico Barracas Central;Professional-Football-League;AR1N;Argentina.PrimeraDivision;93;25184;https://www.transfermarkt.com/Club Atletico Barracas Central/spielplan/verein/25184/saison_id/2021/plus/1#ES1
Club Atletico Central Cordoba Sde ;Professional-Football-League;AR1N;Argentina.PrimeraDivision;93;31284;https://www.transfermarkt.com/Club Atletico Central Cordoba Sde /spielplan/verein/31284/saison_id/2021/plus/1#ES1
Club De Gimnasia Y Esgrima La Plata;Professional-Football-League;AR1N;Argentina.PrimeraDivision;93;1106;https://www.transfermarkt.com/Club De Gimnasia Y Esgrima La Plata/spielplan/verein/1106/saison_id/2021/plus/1#ES1
Club Atletico Boca Juniors;Professional-Football-League;AR1N;Argentina.PrimeraDivision;93;189;https://www.transfermarkt.com/Club Atletico Boca Juniors/spielplan/verein/189/saison_id/2021/plus/1#ES1
Club Atletico Tucuman;Professional-Football-League;AR1N;Argentina.PrimeraDivision;93;14554;https://www.transfermarkt.com/Club Atletico Tucuman/spielplan/verein/14554/saison_id/2021/plus/1#ES1
CA Huracan;Professional-Football-League;AR1N;Argentina.PrimeraDivision;93;2063;https://www.transfermarkt.com/Club Atletico Huracan/spielplan/verein/2063/saison_id/2021/plus/1#ES1
Club Estudiantes De La Plata;Professional-Football-League;AR1N;Argentina.PrimeraDivision;93;288;https://www.transfermarkt.com/Club Estudiantes De La Plata/spielplan/verein/288/saison_id/2021/plus/1#ES1
Racing Club;Professional-Football-League;AR1N;Argentina.PrimeraDivision;93;1444;https://www.transfermarkt.com/Racing Club/spielplan/verein/1444/saison_id/2021/plus/1#ES1
Club Atletico Sarmiento Junin ;Professional-Football-League;AR1N;Argentina.PrimeraDivision;93;12454;https://www.transfermarkt.com/Club Atletico Sarmiento Junin /spielplan/verein/12454/saison_id/2021/plus/1#ES1
Club Atletico Aldosivi;Professional-Football-League;AR1N;Argentina.PrimeraDivision;93;12301;https://www.transfermarkt.com/Club Atletico Aldosivi/spielplan/verein/12301/saison_id/2021/plus/1#ES1
Club Atletico Patronato;Professional-Football-League;AR1N;Argentina.PrimeraDivision;93;19806;https://www.transfermarkt.com/Club Atletico Patronato/spielplan/verein/19806/saison_id/2021/plus/1#ES1
Club Atletico Lanus;Professional-Football-League;AR1N;Argentina.PrimeraDivision;93;333;https://www.transfermarkt.com/Club Atletico Lanus/spielplan/verein/333/saison_id/2021/plus/1#ES1
Club Deportivo Godoy Cruz Antonio Tomba;Professional-Football-League;AR1N;Argentina.PrimeraDivision;93;12574;https://www.transfermarkt.com/Club Deportivo Godoy Cruz Antonio Tomba/spielplan/verein/12574/saison_id/2021/plus/1#ES1
Club Atletico Banfield;Professional-Football-League;AR1N;Argentina.PrimeraDivision;93;830;https://www.transfermarkt.com/Club Atletico Banfield/spielplan/verein/830/saison_id/2021/plus/1#ES1
Club Atletico Velez Sarsfield;Professional-Football-League;AR1N;Argentina.PrimeraDivision;93;1029;https://www.transfermarkt.com/Club Atletico Velez Sarsfield/spielplan/verein/1029/saison_id/2021/plus/1#ES1
Defensa Y Justicia;Professional-Football-League;AR1N;Argentina.PrimeraDivision;93;2402;https://www.transfermarkt.com/Defensa Y Justicia/spielplan/verein/2402/saison_id/2021/plus/1#ES1
Club Atletico Rosario Central;Professional-Football-League;AR1N;Argentina.PrimeraDivision;93;1418;https://www.transfermarkt.com/Club Atletico Rosario Central/spielplan/verein/1418/saison_id/2021/plus/1#ES1
Club Atletico San Lorenzo De Almagro;Professional-Football-League;AR1N;Argentina.PrimeraDivision;93;1775;https://www.transfermarkt.com/Club Atletico San Lorenzo De Almagro/spielplan/verein/1775/saison_id/2021/plus/1#ES1
Talleres de Cordoba;Professional-Football-League;AR1N;Argentina.PrimeraDivision;93;3938;https://www.transfermarkt.com/Club Atletico Talleres/spielplan/verein/3938/saison_id/2021/plus/1#ES1
CA Colon;Professional-Football-League;AR1N;Argentina.PrimeraDivision;93;1070;https://www.transfermarkt.com/Club Atletico Colon/spielplan/verein/1070/saison_id/2021/plus/1#ES1
Club Atletico Union;Professional-Football-League;AR1N;Argentina.PrimeraDivision;93;7097;https://www.transfermarkt.com/Club Atletico Union/spielplan/verein/7097/saison_id/2021/plus/1#ES1
Club Atletico River Plate;Professional-Football-League;AR1N;Argentina.PrimeraDivision;93;209;https://www.transfermarkt.com/Club Atletico River Plate/spielplan/verein/209/saison_id/2021/plus/1#ES1
CA Newell's Old Boys;Professional-Football-League;AR1N;Argentina.PrimeraDivision;93;1286;https://www.transfermarkt.com/Club Atletico Newells Old Boys/spielplan/verein/1286/saison_id/2021/plus/1#ES1
Wolfsberger Ac;Bundesliga-A1;A1;Austria.Bundesliga;43;4441;https://www.transfermarkt.com/Wolfsberger Ac/spielplan/verein/4441/saison_id/2021/plus/1#ES1
Wsg Tirol;Bundesliga-A1;A1;Austria.Bundesliga;43;2446;https://www.transfermarkt.com/Wsg Tirol/spielplan/verein/2446/saison_id/2021/plus/1#ES1
Lask;Bundesliga-A1;A1;Austria.Bundesliga;43;413;https://www.transfermarkt.com/Lask/spielplan/verein/413/saison_id/2021/plus/1#ES1
Tsv Hartberg;Bundesliga-A1;A1;Austria.Bundesliga;43;4467;https://www.transfermarkt.com/Tsv Hartberg/spielplan/verein/4467/saison_id/2021/plus/1#ES1
Sk Rapid Wien;Bundesliga-A1;A1;Austria.Bundesliga;43;170;https://www.transfermarkt.com/Sk Rapid Wien/spielplan/verein/170/saison_id/2021/plus/1#ES1
Fc Admira Wacker Modling;Bundesliga-A1;A1;Austria.Bundesliga;43;503;https://www.transfermarkt.com/Fc Admira Wacker Modling/spielplan/verein/503/saison_id/2021/plus/1#ES1
Sv Ried;Bundesliga-A1;A1;Austria.Bundesliga;43;266;https://www.transfermarkt.com/Sv Ried/spielplan/verein/266/saison_id/2021/plus/1#ES1
Sk Sturm Graz;Bundesliga-A1;A1;Austria.Bundesliga;43;122;https://www.transfermarkt.com/Sk Sturm Graz/spielplan/verein/122/saison_id/2021/plus/1#ES1
Scr Altach;Bundesliga-A1;A1;Austria.Bundesliga;43;3551;https://www.transfermarkt.com/Scr Altach/spielplan/verein/3551/saison_id/2021/plus/1#ES1
Sk Austria Klagenfurt;Bundesliga-A1;A1;Austria.Bundesliga;43;28760;https://www.transfermarkt.com/Sk Austria Klagenfurt/spielplan/verein/28760/saison_id/2021/plus/1#ES1
Fk Austria Wien;Bundesliga-A1;A1;Austria.Bundesliga;43;14;https://www.transfermarkt.com/Fk Austria Wien/spielplan/verein/14/saison_id/2021/plus/1#ES1
Red Bull Salzburg;Bundesliga-A1;A1;Austria.Bundesliga;43;409;https://www.transfermarkt.com/Red Bull Salzburg/spielplan/verein/409/saison_id/2021/plus/1#ES1
Ceara Sporting Club;Campeonato-Brasileiro-Serie-A;BRA1;Brazil.BrasileiroSerieA;42;2029;https://www.transfermarkt.com/Ceara Sporting Club/spielplan/verein/2029/saison_id/2021/plus/1#ES1
Coritiba Fc;Campeonato-Brasileiro-Serie-A;BRA1;Brazil.BrasileiroSerieA;42;776;https://www.transfermarkt.com/Coritiba Fc/spielplan/verein/776/saison_id/2021/plus/1#ES1
Red Bull Bragantino;Campeonato-Brasileiro-Serie-A;BRA1;Brazil.BrasileiroSerieA;42;8793;https://www.transfermarkt.com/Red Bull Bragantino/spielplan/verein/8793/saison_id/2021/plus/1#ES1
Fluminense Rio De Janeiro;Campeonato-Brasileiro-Serie-A;BRA1;Brazil.BrasileiroSerieA;42;2462;https://www.transfermarkt.com/Fluminense Rio De Janeiro/spielplan/verein/2462/saison_id/2021/plus/1#ES1
Flamengo Rio De Janeiro;Campeonato-Brasileiro-Serie-A;BRA1;Brazil.BrasileiroSerieA;42;614;https://www.transfermarkt.com/Flamengo Rio De Janeiro/spielplan/verein/614/saison_id/2021/plus/1#ES1
Goias Ec;Campeonato-Brasileiro-Serie-A;BRA1;Brazil.BrasileiroSerieA;42;3197;https://www.transfermarkt.com/Goias Ec/spielplan/verein/3197/saison_id/2021/plus/1#ES1
Fc Santos;Campeonato-Brasileiro-Serie-A;BRA1;Brazil.BrasileiroSerieA;42;221;https://www.transfermarkt.com/Fc Santos/spielplan/verein/221/saison_id/2021/plus/1#ES1
Botafogo Rio De Janeiro;Campeonato-Brasileiro-Serie-A;BRA1;Brazil.BrasileiroSerieA;42;537;https://www.transfermarkt.com/Botafogo Rio De Janeiro/spielplan/verein/537/saison_id/2021/plus/1#ES1
America Futebol Clube Mg ;Campeonato-Brasileiro-Serie-A;BRA1;Brazil.BrasileiroSerieA;42;2863;https://www.transfermarkt.com/America Futebol Clube Mg /spielplan/verein/2863/saison_id/2021/plus/1#ES1
Fc Sao Paulo;Campeonato-Brasileiro-Serie-A;BRA1;Brazil.BrasileiroSerieA;42;585;https://www.transfermarkt.com/Fc Sao Paulo/spielplan/verein/585/saison_id/2021/plus/1#ES1
Atletico Clube Goianiense;Campeonato-Brasileiro-Serie-A;BRA1;Brazil.BrasileiroSerieA;42;15172;https://www.transfermarkt.com/Atletico Clube Goianiense/spielplan/verein/15172/saison_id/2021/plus/1#ES1
Sc Internacional Porto Alegre;Campeonato-Brasileiro-Serie-A;BRA1;Brazil.BrasileiroSerieA;42;6600;https://www.transfermarkt.com/Sc Internacional Porto Alegre/spielplan/verein/6600/saison_id/2021/plus/1#ES1
Club Athletico Paranaense;Campeonato-Brasileiro-Serie-A;BRA1;Brazil.BrasileiroSerieA;42;679;https://www.transfermarkt.com/Club Athletico Paranaense/spielplan/verein/679/saison_id/2021/plus/1#ES1
Clube Atletico Mineiro;Campeonato-Brasileiro-Serie-A;BRA1;Brazil.BrasileiroSerieA;42;330;https://www.transfermarkt.com/Clube Atletico Mineiro/spielplan/verein/330/saison_id/2021/plus/1#ES1
Avai Fc Sc ;Campeonato-Brasileiro-Serie-A;BRA1;Brazil.BrasileiroSerieA;42;2035;https://www.transfermarkt.com/Avai Fc Sc /spielplan/verein/2035/saison_id/2021/plus/1#ES1
Fortaleza Esporte Clube;Campeonato-Brasileiro-Serie-A;BRA1;Brazil.BrasileiroSerieA;42;10870;https://www.transfermarkt.com/Fortaleza Esporte Clube/spielplan/verein/10870/saison_id/2021/plus/1#ES1
Corinthians;Campeonato-Brasileiro-Serie-A;BRA1;Brazil.BrasileiroSerieA;42;199;https://www.transfermarkt.com/Corinthians Sao Paulo/spielplan/verein/199/saison_id/2021/plus/1#ES1
Se Palmeiras Sao Paulo;Campeonato-Brasileiro-Serie-A;BRA1;Brazil.BrasileiroSerieA;42;1023;https://www.transfermarkt.com/Se Palmeiras Sao Paulo/spielplan/verein/1023/saison_id/2021/plus/1#ES1
Esporte Clube Juventude;Campeonato-Brasileiro-Serie-A;BRA1;Brazil.BrasileiroSerieA;42;10492;https://www.transfermarkt.com/Esporte Clube Juventude/spielplan/verein/10492/saison_id/2021/plus/1#ES1
Cuiaba Ec Mt ;Campeonato-Brasileiro-Serie-A;BRA1;Brazil.BrasileiroSerieA;42;28022;https://www.transfermarkt.com/Cuiaba Ec Mt /spielplan/verein/28022/saison_id/2021/plus/1#ES1
Hnk Gorica;Supersport-Hnl;KR1;Croatia.1.HNL;100;24575;https://www.transfermarkt.com/Hnk Gorica/spielplan/verein/24575/saison_id/2021/plus/1#ES1
Slaven Belupo Koprivnica;Supersport-Hnl;KR1;Croatia.1.HNL;100;2362;https://www.transfermarkt.com/Slaven Belupo Koprivnica/spielplan/verein/2362/saison_id/2021/plus/1#ES1
Nk Osijek;Supersport-Hnl;KR1;Croatia.1.HNL;100;327;https://www.transfermarkt.com/Nk Osijek/spielplan/verein/327/saison_id/2021/plus/1#ES1
Gnk Dinamo Zagreb;Supersport-Hnl;KR1;Croatia.1.HNL;100;419;https://www.transfermarkt.com/Gnk Dinamo Zagreb/spielplan/verein/419/saison_id/2021/plus/1#ES1
Hnk Rijeka;Supersport-Hnl;KR1;Croatia.1.HNL;100;144;https://www.transfermarkt.com/Hnk Rijeka/spielplan/verein/144/saison_id/2021/plus/1#ES1
Hnk Hajduk Split;Supersport-Hnl;KR1;Croatia.1.HNL;100;447;https://www.transfermarkt.com/Hnk Hajduk Split/spielplan/verein/447/saison_id/2021/plus/1#ES1
Nk Lokomotiva Zagreb;Supersport-Hnl;KR1;Croatia.1.HNL;100;11194;https://www.transfermarkt.com/Nk Lokomotiva Zagreb/spielplan/verein/11194/saison_id/2021/plus/1#ES1
Hnk Sibenik;Supersport-Hnl;KR1;Croatia.1.HNL;100;223;https://www.transfermarkt.com/Hnk Sibenik/spielplan/verein/223/saison_id/2021/plus/1#ES1
Nk Istra 1961;Supersport-Hnl;KR1;Croatia.1.HNL;100;999;https://www.transfermarkt.com/Nk Istra 1961/spielplan/verein/999/saison_id/2021/plus/1#ES1
Fortuna Dusseldorf;2-Bundesliga;L2;Germany.2.Bundesliga;72;38;https://www.transfermarkt.com/Fortuna Dusseldorf/spielplan/verein/38/saison_id/2021/plus/1#ES1
Sv Darmstadt 98;2-Bundesliga;L2;Germany.2.Bundesliga;72;105;https://www.transfermarkt.com/Sv Darmstadt 98/spielplan/verein/105/saison_id/2021/plus/1#ES1
Holstein Kiel;2-Bundesliga;L2;Germany.2.Bundesliga;72;269;https://www.transfermarkt.com/Holstein Kiel/spielplan/verein/269/saison_id/2021/plus/1#ES1
Hamburger Sv;2-Bundesliga;L2;Germany.2.Bundesliga;72;41;https://www.transfermarkt.com/Hamburger Sv/spielplan/verein/41/saison_id/2021/plus/1#ES1
Sv Sandhausen;2-Bundesliga;L2;Germany.2.Bundesliga;72;254;https://www.transfermarkt.com/Sv Sandhausen/spielplan/verein/254/saison_id/2021/plus/1#ES1
Fc Schalke 04;2-Bundesliga;L2;Germany.2.Bundesliga;72;33;https://www.transfermarkt.com/Fc Schalke 04/spielplan/verein/33/saison_id/2021/plus/1#ES1
Ssv Jahn Regensburg;2-Bundesliga;L2;Germany.2.Bundesliga;72;109;https://www.transfermarkt.com/Ssv Jahn Regensburg/spielplan/verein/109/saison_id/2021/plus/1#ES1
Fc St Pauli;2-Bundesliga;L2;Germany.2.Bundesliga;72;35;https://www.transfermarkt.com/Fc St Pauli/spielplan/verein/35/saison_id/2021/plus/1#ES1
1 Fc Nurnberg;2-Bundesliga;L2;Germany.2.Bundesliga;72;4;https://www.transfermarkt.com/1 Fc Nurnberg/spielplan/verein/4/saison_id/2021/plus/1#ES1
Fc Ingolstadt 04;2-Bundesliga;L2;Germany.2.Bundesliga;72;4795;https://www.transfermarkt.com/Fc Ingolstadt 04/spielplan/verein/4795/saison_id/2021/plus/1#ES1
Fc Hansa Rostock;2-Bundesliga;L2;Germany.2.Bundesliga;72;30;https://www.transfermarkt.com/Fc Hansa Rostock/spielplan/verein/30/saison_id/2021/plus/1#ES1
Sg Dynamo Dresden;2-Bundesliga;L2;Germany.2.Bundesliga;72;129;https://www.transfermarkt.com/Sg Dynamo Dresden/spielplan/verein/129/saison_id/2021/plus/1#ES1
Sv Werder Bremen;2-Bundesliga;L2;Germany.2.Bundesliga;72;86;https://www.transfermarkt.com/Sv Werder Bremen/spielplan/verein/86/saison_id/2021/plus/1#ES1
Karlsruher Sc;2-Bundesliga;L2;Germany.2.Bundesliga;72;48;https://www.transfermarkt.com/Karlsruher Sc/spielplan/verein/48/saison_id/2021/plus/1#ES1
1 Fc Heidenheim 1846;2-Bundesliga;L2;Germany.2.Bundesliga;72;2036;https://www.transfermarkt.com/1 Fc Heidenheim 1846/spielplan/verein/2036/saison_id/2021/plus/1#ES1
Sc Paderborn 07;2-Bundesliga;L2;Germany.2.Bundesliga;72;127;https://www.transfermarkt.com/Sc Paderborn 07/spielplan/verein/127/saison_id/2021/plus/1#ES1
Fc Erzgebirge Aue;2-Bundesliga;L2;Germany.2.Bundesliga;72;94;https://www.transfermarkt.com/Fc Erzgebirge Aue/spielplan/verein/94/saison_id/2021/plus/1#ES1
Hannover 96;2-Bundesliga;L2;Germany.2.Bundesliga;72;42;https://www.transfermarkt.com/Hannover 96/spielplan/verein/42/saison_id/2021/plus/1#ES1
Panetolikos Gfs;Super-League-1;GR1;Greece.SuperLeague;21;6418;https://www.transfermarkt.com/Panetolikos Gfs/spielplan/verein/6418/saison_id/2021/plus/1#ES1
Pas Lamia 1964;Super-League-1;GR1;Greece.SuperLeague;21;3999;https://www.transfermarkt.com/Pas Lamia 1964/spielplan/verein/3999/saison_id/2021/plus/1#ES1
Panathinaikos Athen;Super-League-1;GR1;Greece.SuperLeague;21;265;https://www.transfermarkt.com/Panathinaikos Athen/spielplan/verein/265/saison_id/2021/plus/1#ES1
Atromitos Athen;Super-League-1;GR1;Greece.SuperLeague;21;3060;https://www.transfermarkt.com/Atromitos Athen/spielplan/verein/3060/saison_id/2021/plus/1#ES1
Aek Athen;Super-League-1;GR1;Greece.SuperLeague;21;2441;https://www.transfermarkt.com/Aek Athen/spielplan/verein/2441/saison_id/2021/plus/1#ES1
Olympiakos Piraus;Super-League-1;GR1;Greece.SuperLeague;21;683;https://www.transfermarkt.com/Olympiakos Piraus/spielplan/verein/683/saison_id/2021/plus/1#ES1
Ofi Kreta;Super-League-1;GR1;Greece.SuperLeague;21;653;https://www.transfermarkt.com/Ofi Kreta/spielplan/verein/653/saison_id/2021/plus/1#ES1
Volos Nps;Super-League-1;GR1;Greece.SuperLeague;21;60949;https://www.transfermarkt.com/Volos Nps/spielplan/verein/60949/saison_id/2021/plus/1#ES1
Ionikos Nikeas;Super-League-1;GR1;Greece.SuperLeague;21;553;https://www.transfermarkt.com/Ionikos Nikeas/spielplan/verein/553/saison_id/2021/plus/1#ES1
Paok Thessaloniki;Super-League-1;GR1;Greece.SuperLeague;21;1091;https://www.transfermarkt.com/Paok Thessaloniki/spielplan/verein/1091/saison_id/2021/plus/1#ES1
Pas Giannina;Super-League-1;GR1;Greece.SuperLeague;21;2671;https://www.transfermarkt.com/Pas Giannina/spielplan/verein/2671/saison_id/2021/plus/1#ES1
Apollon Smyrnis;Super-League-1;GR1;Greece.SuperLeague;21;441;https://www.transfermarkt.com/Apollon Smyrnis/spielplan/verein/441/saison_id/2021/plus/1#ES1
Asteras Tripolis;Super-League-1;GR1;Greece.SuperLeague;21;6676;https://www.transfermarkt.com/Asteras Tripolis/spielplan/verein/6676/saison_id/2021/plus/1#ES1
Aris Thessaloniki;Super-League-1;GR1;Greece.SuperLeague;21;605;https://www.transfermarkt.com/Aris Thessaloniki/spielplan/verein/605/saison_id/2021/plus/1#ES1
Kisvarda Fc;Nemzeti-Bajnoksag;UNG1;Hungary.NBI;104;30613;https://www.transfermarkt.com/Kisvarda Fc/spielplan/verein/30613/saison_id/2021/plus/1#ES1
Debreceni Vsc;Nemzeti-Bajnoksag;UNG1;Hungary.NBI;104;84;https://www.transfermarkt.com/Debreceni Vsc/spielplan/verein/84/saison_id/2021/plus/1#ES1
Paksi Fc;Nemzeti-Bajnoksag;UNG1;Hungary.NBI;104;12163;https://www.transfermarkt.com/Paksi Fc/spielplan/verein/12163/saison_id/2021/plus/1#ES1
Ujpest Fc;Nemzeti-Bajnoksag;UNG1;Hungary.NBI;104;708;https://www.transfermarkt.com/Ujpest Fc/spielplan/verein/708/saison_id/2021/plus/1#ES1
Mol Fehervar Fc;Nemzeti-Bajnoksag;UNG1;Hungary.NBI;104;11107;https://www.transfermarkt.com/Mol Fehervar Fc/spielplan/verein/11107/saison_id/2021/plus/1#ES1
Zalaegerszegi Te Fc;Nemzeti-Bajnoksag;UNG1;Hungary.NBI;104;1391;https://www.transfermarkt.com/Zalaegerszegi Te Fc/spielplan/verein/1391/saison_id/2021/plus/1#ES1
Mez%C5%91Kovesd Zsory Fc;Nemzeti-Bajnoksag;UNG1;Hungary.NBI;104;24032;https://www.transfermarkt.com/Mez%C5%91Kovesd Zsory Fc/spielplan/verein/24032/saison_id/2021/plus/1#ES1
Puskas Akademia Fc;Nemzeti-Bajnoksag;UNG1;Hungary.NBI;104;37169;https://www.transfermarkt.com/Puskas Akademia Fc/spielplan/verein/37169/saison_id/2021/plus/1#ES1
Gyirmot Fc Gy%C5%91R;Nemzeti-Bajnoksag;UNG1;Hungary.NBI;104;22610;https://www.transfermarkt.com/Gyirmot Fc Gy%C5%91R/spielplan/verein/22610/saison_id/2021/plus/1#ES1
Ferencvaros Budapest;Nemzeti-Bajnoksag;UNG1;Hungary.NBI;104;279;https://www.transfermarkt.com/Ferencvaros Budapest/spielplan/verein/279/saison_id/2021/plus/1#ES1
Budapest Honved Fc;Nemzeti-Bajnoksag;UNG1;Hungary.NBI;104;709;https://www.transfermarkt.com/Budapest Honved Fc/spielplan/verein/709/saison_id/2021/plus/1#ES1
Mtk Budapest;Nemzeti-Bajnoksag;UNG1;Hungary.NBI;104;634;https://www.transfermarkt.com/Mtk Budapest/spielplan/verein/634/saison_id/2021/plus/1#ES1
Lr Vicenza Virtus;Serie-B;IT2;Italy.SerieB;80;2655;https://www.transfermarkt.com/Lr Vicenza Virtus/spielplan/verein/2655/saison_id/2021/plus/1#ES1
Ascoli Calcio;Serie-B;IT2;Italy.SerieB;80;408;https://www.transfermarkt.com/Ascoli Calcio/spielplan/verein/408/saison_id/2021/plus/1#ES1
Fc Crotone;Serie-B;IT2;Italy.SerieB;80;4083;https://www.transfermarkt.com/Fc Crotone/spielplan/verein/4083/saison_id/2021/plus/1#ES1
Ac Monza;Serie-B;IT2;Italy.SerieB;80;2919;https://www.transfermarkt.com/Ac Monza/spielplan/verein/2919/saison_id/2021/plus/1#ES1
Parma Calcio 1913;Serie-B;IT2;Italy.SerieB;80;130;https://www.transfermarkt.com/Parma Calcio 1913/spielplan/verein/130/saison_id/2021/plus/1#ES1
Pordenone Calcio;Serie-B;IT2;Italy.SerieB;80;21331;https://www.transfermarkt.com/Pordenone Calcio/spielplan/verein/21331/saison_id/2021/plus/1#ES1
Ternana Calcio;Serie-B;IT2;Italy.SerieB;80;1103;https://www.transfermarkt.com/Ternana Calcio/spielplan/verein/1103/saison_id/2021/plus/1#ES1
Cosenza Calcio;Serie-B;IT2;Italy.SerieB;80;4031;https://www.transfermarkt.com/Cosenza Calcio/spielplan/verein/4031/saison_id/2021/plus/1#ES1
Us Lecce;Serie-B;IT2;Italy.SerieB;80;1005;https://www.transfermarkt.com/Us Lecce/spielplan/verein/1005/saison_id/2021/plus/1#ES1
Ac Perugia Calcio;Serie-B;IT2;Italy.SerieB;80;839;https://www.transfermarkt.com/Ac Perugia Calcio/spielplan/verein/839/saison_id/2021/plus/1#ES1
Reggina 1914;Serie-B;IT2;Italy.SerieB;80;1386;https://www.transfermarkt.com/Reggina 1914/spielplan/verein/1386/saison_id/2021/plus/1#ES1
As Cittadella;Serie-B;IT2;Italy.SerieB;80;4084;https://www.transfermarkt.com/As Cittadella/spielplan/verein/4084/saison_id/2021/plus/1#ES1
Ac Pisa 1909;Serie-B;IT2;Italy.SerieB;80;4172;https://www.transfermarkt.com/Ac Pisa 1909/spielplan/verein/4172/saison_id/2021/plus/1#ES1
Us Cremonese;Serie-B;IT2;Italy.SerieB;80;2239;https://www.transfermarkt.com/Us Cremonese/spielplan/verein/2239/saison_id/2021/plus/1#ES1
Benevento Calcio;Serie-B;IT2;Italy.SerieB;80;4171;https://www.transfermarkt.com/Benevento Calcio/spielplan/verein/4171/saison_id/2021/plus/1#ES1
Spal;Serie-B;IT2;Italy.SerieB;80;2722;https://www.transfermarkt.com/Spal/spielplan/verein/2722/saison_id/2021/plus/1#ES1
Frosinone Calcio;Serie-B;IT2;Italy.SerieB;80;8970;https://www.transfermarkt.com/Frosinone Calcio/spielplan/verein/8970/saison_id/2021/plus/1#ES1
Brescia Calcio;Serie-B;IT2;Italy.SerieB;80;19;https://www.transfermarkt.com/Brescia Calcio/spielplan/verein/19/saison_id/2021/plus/1#ES1
Us Alessandria Calcio 1912;Serie-B;IT2;Italy.SerieB;80;2721;https://www.transfermarkt.com/Us Alessandria Calcio 1912/spielplan/verein/2721/saison_id/2021/plus/1#ES1
Como 1907;Serie-B;IT2;Italy.SerieB;80;1047;https://www.transfermarkt.com/Como 1907/spielplan/verein/1047/saison_id/2021/plus/1#ES1
Viking Stavanger;Eliteserien;NO1;Norway.Eliteserien;86;239;https://www.transfermarkt.com/Viking Stavanger/spielplan/verein/239/saison_id/2021/plus/1#ES1
Lillestrom Sk;Eliteserien;NO1;Norway.Eliteserien;86;353;https://www.transfermarkt.com/Lillestrom Sk/spielplan/verein/353/saison_id/2021/plus/1#ES1
Kristiansund Bk;Eliteserien;NO1;Norway.Eliteserien;86;21101;https://www.transfermarkt.com/Kristiansund Bk/spielplan/verein/21101/saison_id/2021/plus/1#ES1
Fk Jerv;Eliteserien;NO1;Norway.Eliteserien;86;36224;https://www.transfermarkt.com/Fk Jerv/spielplan/verein/36224/saison_id/2021/plus/1#ES1
Odds Bk;Eliteserien;NO1;Norway.Eliteserien;86;1058;https://www.transfermarkt.com/Odds Bk/spielplan/verein/1058/saison_id/2021/plus/1#ES1
Fk Haugesund;Eliteserien;NO1;Norway.Eliteserien;86;2761;https://www.transfermarkt.com/Fk Haugesund/spielplan/verein/2761/saison_id/2021/plus/1#ES1
Tromso Il;Eliteserien;NO1;Norway.Eliteserien;86;1293;https://www.transfermarkt.com/Tromso Il/spielplan/verein/1293/saison_id/2021/plus/1#ES1
Sarpsborg 08 Ff;Eliteserien;NO1;Norway.Eliteserien;86;10217;https://www.transfermarkt.com/Sarpsborg 08 Ff/spielplan/verein/10217/saison_id/2021/plus/1#ES1
Rosenborg Bk;Eliteserien;NO1;Norway.Eliteserien;86;195;https://www.transfermarkt.com/Rosenborg Bk/spielplan/verein/195/saison_id/2021/plus/1#ES1
Molde Fk;Eliteserien;NO1;Norway.Eliteserien;86;687;https://www.transfermarkt.com/Molde Fk/spielplan/verein/687/saison_id/2021/plus/1#ES1
Stromsgodset If;Eliteserien;NO1;Norway.Eliteserien;86;2817;https://www.transfermarkt.com/Stromsgodset If/spielplan/verein/2817/saison_id/2021/plus/1#ES1
Valerenga Fotball;Eliteserien;NO1;Norway.Eliteserien;86;76;https://www.transfermarkt.com/Valerenga Fotball/spielplan/verein/76/saison_id/2021/plus/1#ES1
Aalesunds Fk;Eliteserien;NO1;Norway.Eliteserien;86;5619;https://www.transfermarkt.com/Aalesunds Fk/spielplan/verein/5619/saison_id/2021/plus/1#ES1
Fk Bodo Glimt;Eliteserien;NO1;Norway.Eliteserien;86;501;https://www.transfermarkt.com/Fk Bodo Glimt/spielplan/verein/501/saison_id/2021/plus/1#ES1
Hamarkameratene;Eliteserien;NO1;Norway.Eliteserien;86;4309;https://www.transfermarkt.com/Hamarkameratene/spielplan/verein/4309/saison_id/2021/plus/1#ES1
Sandefjord Fotball;Eliteserien;NO1;Norway.Eliteserien;86;6399;https://www.transfermarkt.com/Sandefjord Fotball/spielplan/verein/6399/saison_id/2021/plus/1#ES1
Sepsi Osk Sf Gheorghe;Superliga;RO1;Romania.Superliga;30;54585;https://www.transfermarkt.com/Sepsi Osk Sf Gheorghe/spielplan/verein/54585/saison_id/2021/plus/1#ES1
Cfr Cluj;Superliga;RO1;Romania.Superliga;30;7769;https://www.transfermarkt.com/Cfr Cluj/spielplan/verein/7769/saison_id/2021/plus/1#ES1
Fc Rapid 1923;Superliga;RO1;Romania.Superliga;30;455;https://www.transfermarkt.com/Fc Rapid 1923/spielplan/verein/455/saison_id/2021/plus/1#ES1
Fc Voluntari;Superliga;RO1;Romania.Superliga;30;40843;https://www.transfermarkt.com/Fc Voluntari/spielplan/verein/40843/saison_id/2021/plus/1#ES1
Afc Chindia Targoviste;Superliga;RO1;Romania.Superliga;30;12680;https://www.transfermarkt.com/Afc Chindia Targoviste/spielplan/verein/12680/saison_id/2021/plus/1#ES1
Academica Clinceni;Superliga;RO1;Romania.Superliga;30;21475;https://www.transfermarkt.com/Academica Clinceni/spielplan/verein/21475/saison_id/2021/plus/1#ES1
Cs Mioveni;Superliga;RO1;Romania.Superliga;30;11390;https://www.transfermarkt.com/Cs Mioveni/spielplan/verein/11390/saison_id/2021/plus/1#ES1
Fc Botosani;Superliga;RO1;Romania.Superliga;30;8818;https://www.transfermarkt.com/Fc Botosani/spielplan/verein/8818/saison_id/2021/plus/1#ES1
Fc Viitorul Constan%C8%9Ba;Superliga;RO1;Romania.Superliga;30;29831;https://www.transfermarkt.com/Fc Viitorul Constan%C8%9Ba/spielplan/verein/29831/saison_id/2021/plus/1#ES1
Fcsb;Superliga;RO1;Romania.Superliga;30;301;https://www.transfermarkt.com/Fcsb/spielplan/verein/301/saison_id/2021/plus/1#ES1
Uta Arad;Superliga;RO1;Romania.Superliga;30;952;https://www.transfermarkt.com/Uta Arad/spielplan/verein/952/saison_id/2021/plus/1#ES1
Universitatea Craiova;Superliga;RO1;Romania.Superliga;30;40812;https://www.transfermarkt.com/Universitatea Craiova/spielplan/verein/40812/saison_id/2021/plus/1#ES1
Acsc Fc Arges;Superliga;RO1;Romania.Superliga;30;41278;https://www.transfermarkt.com/Acsc Fc Arges/spielplan/verein/41278/saison_id/2021/plus/1#ES1
Fc U Craiova 1948;Superliga;RO1;Romania.Superliga;30;1007;https://www.transfermarkt.com/Fc U Craiova 1948/spielplan/verein/1007/saison_id/2021/plus/1#ES1
Fc Dinamo;Superliga;RO1;Romania.Superliga;30;312;https://www.transfermarkt.com/Fc Dinamo/spielplan/verein/312/saison_id/2021/plus/1#ES1
Gaz Metan;Superliga;RO1;Romania.Superliga;30;8104;https://www.transfermarkt.com/Gaz Metan Media%C8%99/spielplan/verein/8104/saison_id/2021/plus/1#ES1
Dundee Fc;Scottish-Premiership;SC1;Scotland.PremierLeague;103;511;https://www.transfermarkt.com/Dundee Fc/spielplan/verein/511/saison_id/2021/plus/1#ES1
Hibernian Fc;Scottish-Premiership;SC1;Scotland.PremierLeague;103;903;https://www.transfermarkt.com/Hibernian Fc/spielplan/verein/903/saison_id/2021/plus/1#ES1
St Johnstone Fc;Scottish-Premiership;SC1;Scotland.PremierLeague;103;2578;https://www.transfermarkt.com/St Johnstone Fc/spielplan/verein/2578/saison_id/2021/plus/1#ES1
Livingston Fc;Scottish-Premiership;SC1;Scotland.PremierLeague;103;1241;https://www.transfermarkt.com/Livingston Fc/spielplan/verein/1241/saison_id/2021/plus/1#ES1
Hearts;Scottish-Premiership;SC1;Scotland.PremierLeague;103;43;https://www.transfermarkt.com/Heart Of Midlothian Fc/spielplan/verein/43/saison_id/2021/plus/1#ES1
Celtic Glasgow;Scottish-Premiership;SC1;Scotland.PremierLeague;103;371;https://www.transfermarkt.com/Celtic Glasgow/spielplan/verein/371/saison_id/2021/plus/1#ES1
Glasgow Rangers;Scottish-Premiership;SC1;Scotland.PremierLeague;103;124;https://www.transfermarkt.com/Glasgow Rangers/spielplan/verein/124/saison_id/2021/plus/1#ES1
Dundee United Fc;Scottish-Premiership;SC1;Scotland.PremierLeague;103;1519;https://www.transfermarkt.com/Dundee United Fc/spielplan/verein/1519/saison_id/2021/plus/1#ES1
St Mirren Fc;Scottish-Premiership;SC1;Scotland.PremierLeague;103;465;https://www.transfermarkt.com/St Mirren Fc/spielplan/verein/465/saison_id/2021/plus/1#ES1
Aberdeen Fc;Scottish-Premiership;SC1;Scotland.PremierLeague;103;370;https://www.transfermarkt.com/Aberdeen Fc/spielplan/verein/370/saison_id/2021/plus/1#ES1
Motherwell Fc;Scottish-Premiership;SC1;Scotland.PremierLeague;103;987;https://www.transfermarkt.com/Motherwell Fc/spielplan/verein/987/saison_id/2021/plus/1#ES1
Ross County Fc;Scottish-Premiership;SC1;Scotland.PremierLeague;103;2759;https://www.transfermarkt.com/Ross County Fc/spielplan/verein/2759/saison_id/2021/plus/1#ES1
Malmo Ff;Allsvenskan;SE1;Sweden.Allsvenskan;52;496;https://www.transfermarkt.com/Malmo Ff/spielplan/verein/496/saison_id/2021/plus/1#ES1
Varbergs Bois;Allsvenskan;SE1;Sweden.Allsvenskan;52;10507;https://www.transfermarkt.com/Varbergs Bois/spielplan/verein/10507/saison_id/2021/plus/1#ES1
Hammarby If;Allsvenskan;SE1;Sweden.Allsvenskan;52;1059;https://www.transfermarkt.com/Hammarby If/spielplan/verein/1059/saison_id/2021/plus/1#ES1
Ik Sirius;Allsvenskan;SE1;Sweden.Allsvenskan;52;7945;https://www.transfermarkt.com/Ik Sirius/spielplan/verein/7945/saison_id/2021/plus/1#ES1
Gif Sundsvall;Allsvenskan;SE1;Sweden.Allsvenskan;52;2843;https://www.transfermarkt.com/Gif Sundsvall/spielplan/verein/2843/saison_id/2021/plus/1#ES1
Degerfors If;Allsvenskan;SE1;Sweden.Allsvenskan;52;3641;https://www.transfermarkt.com/Degerfors If/spielplan/verein/3641/saison_id/2021/plus/1#ES1
Djurgardens If;Allsvenskan;SE1;Sweden.Allsvenskan;52;1044;https://www.transfermarkt.com/Djurgardens If/spielplan/verein/1044/saison_id/2021/plus/1#ES1
Helsingborgs If;Allsvenskan;SE1;Sweden.Allsvenskan;52;699;https://www.transfermarkt.com/Helsingborgs If/spielplan/verein/699/saison_id/2021/plus/1#ES1
Mjallby Aif;Allsvenskan;SE1;Sweden.Allsvenskan;52;2719;https://www.transfermarkt.com/Mjallby Aif/spielplan/verein/2719/saison_id/2021/plus/1#ES1
Bk Hacken;Allsvenskan;SE1;Sweden.Allsvenskan;52;1109;https://www.transfermarkt.com/Bk Hacken/spielplan/verein/1109/saison_id/2021/plus/1#ES1
If Elfsborg Boras;Allsvenskan;SE1;Sweden.Allsvenskan;52;1101;https://www.transfermarkt.com/If Elfsborg Boras/spielplan/verein/1101/saison_id/2021/plus/1#ES1
Ifk Norrkoping;Allsvenskan;SE1;Sweden.Allsvenskan;52;2844;https://www.transfermarkt.com/Ifk Norrkoping/spielplan/verein/2844/saison_id/2021/plus/1#ES1
Kalmar Ff;Allsvenskan;SE1;Sweden.Allsvenskan;52;3654;https://www.transfermarkt.com/Kalmar Ff/spielplan/verein/3654/saison_id/2021/plus/1#ES1
Ifk Goteborg;Allsvenskan;SE1;Sweden.Allsvenskan;52;801;https://www.transfermarkt.com/Ifk Goteborg/spielplan/verein/801/saison_id/2021/plus/1#ES1
Ifk Varnamo;Allsvenskan;SE1;Sweden.Allsvenskan;52;3622;https://www.transfermarkt.com/Ifk Varnamo/spielplan/verein/3622/saison_id/2021/plus/1#ES1
Aik Solna;Allsvenskan;SE1;Sweden.Allsvenskan;52;272;https://www.transfermarkt.com/Aik Solna/spielplan/verein/272/saison_id/2021/plus/1#ES1
Fc St Gallen 1879;Super-League;C1;Switzerland.CreditSuisseSuperLeague;78;257;https://www.transfermarkt.com/Fc St Gallen 1879/spielplan/verein/257/saison_id/2021/plus/1#ES1
Fc Lugano;Super-League;C1;Switzerland.CreditSuisseSuperLeague;78;2790;https://www.transfermarkt.com/Fc Lugano/spielplan/verein/2790/saison_id/2021/plus/1#ES1
Bsc Young Boys;Super-League;C1;Switzerland.CreditSuisseSuperLeague;78;452;https://www.transfermarkt.com/Bsc Young Boys/spielplan/verein/452/saison_id/2021/plus/1#ES1
Fc Sion;Super-League;C1;Switzerland.CreditSuisseSuperLeague;78;321;https://www.transfermarkt.com/Fc Sion/spielplan/verein/321/saison_id/2021/plus/1#ES1
Fc Lausanne Sport;Super-League;C1;Switzerland.CreditSuisseSuperLeague;78;527;https://www.transfermarkt.com/Fc Lausanne Sport/spielplan/verein/527/saison_id/2021/plus/1#ES1
Servette Fc;Super-League;C1;Switzerland.CreditSuisseSuperLeague;78;61;https://www.transfermarkt.com/Servette Fc/spielplan/verein/61/saison_id/2021/plus/1#ES1
Fc Basel 1893;Super-League;C1;Switzerland.CreditSuisseSuperLeague;78;26;https://www.transfermarkt.com/Fc Basel 1893/spielplan/verein/26/saison_id/2021/plus/1#ES1
Grasshopper;Super-League;C1;Switzerland.CreditSuisseSuperLeague;78;504;https://www.transfermarkt.com/Grasshopper Club Zurich/spielplan/verein/504/saison_id/2021/plus/1#ES1
Fc Zurich;Super-League;C1;Switzerland.CreditSuisseSuperLeague;78;260;https://www.transfermarkt.com/Fc Zurich/spielplan/verein/260/saison_id/2021/plus/1#ES1
Fc Luzern;Super-League;C1;Switzerland.CreditSuisseSuperLeague;78;434;https://www.transfermarkt.com/Fc Luzern/spielplan/verein/434/saison_id/2021/plus/1#ES1
Fc Slovan Liberec;Fortuna-Liga;TS1;CzechRepublic.FortunaLeague;82;697;https://www.transfermarkt.com/Fc Slovan Liberec/spielplan/verein/697/saison_id/2021/plus/1#ES1
Fc Viktoria Pilsen;Fortuna-Liga;TS1;CzechRepublic.FortunaLeague;82;941;https://www.transfermarkt.com/Fc Viktoria Pilsen/spielplan/verein/941/saison_id/2021/plus/1#ES1
Fc Hradec Kralove;Fortuna-Liga;TS1;CzechRepublic.FortunaLeague;82;1897;https://www.transfermarkt.com/Fc Hradec Kralove/spielplan/verein/1897/saison_id/2021/plus/1#ES1
Fk Mlada Boleslav;Fortuna-Liga;TS1;CzechRepublic.FortunaLeague;82;5546;https://www.transfermarkt.com/Fk Mlada Boleslav/spielplan/verein/5546/saison_id/2021/plus/1#ES1
1 Fc Slovacko;Fortuna-Liga;TS1;CzechRepublic.FortunaLeague;82;5544;https://www.transfermarkt.com/1 Fc Slovacko/spielplan/verein/5544/saison_id/2021/plus/1#ES1
Ac Sparta Prag;Fortuna-Liga;TS1;CzechRepublic.FortunaLeague;82;197;https://www.transfermarkt.com/Ac Sparta Prag/spielplan/verein/197/saison_id/2021/plus/1#ES1
Fk Jablonec;Fortuna-Liga;TS1;CzechRepublic.FortunaLeague;82;1322;https://www.transfermarkt.com/Fk Jablonec/spielplan/verein/1322/saison_id/2021/plus/1#ES1
Sk Slavia Prag;Fortuna-Liga;TS1;CzechRepublic.FortunaLeague;82;62;https://www.transfermarkt.com/Sk Slavia Prag/spielplan/verein/62/saison_id/2021/plus/1#ES1
Fk Teplice;Fortuna-Liga;TS1;CzechRepublic.FortunaLeague;82;814;https://www.transfermarkt.com/Fk Teplice/spielplan/verein/814/saison_id/2021/plus/1#ES1
Fk Pardubice;Fortuna-Liga;TS1;CzechRepublic.FortunaLeague;82;1496;https://www.transfermarkt.com/Fk Pardubice/spielplan/verein/1496/saison_id/2021/plus/1#ES1
Sk Dynamo Ceske Budejovice;Fortuna-Liga;TS1;CzechRepublic.FortunaLeague;82;1321;https://www.transfermarkt.com/Sk Dynamo Ceske Budejovice/spielplan/verein/1321/saison_id/2021/plus/1#ES1
Sk Sigma Olmutz;Fortuna-Liga;TS1;CzechRepublic.FortunaLeague;82;2311;https://www.transfermarkt.com/Sk Sigma Olmutz/spielplan/verein/2311/saison_id/2021/plus/1#ES1
Fc Bohemians Prag 1905;Fortuna-Liga;TS1;CzechRepublic.FortunaLeague;82;715;https://www.transfermarkt.com/Fc Bohemians Prag 1905/spielplan/verein/715/saison_id/2021/plus/1#ES1
Fc Fastav Zlin;Fortuna-Liga;TS1;CzechRepublic.FortunaLeague;82;5545;https://www.transfermarkt.com/Fc Fastav Zlin/spielplan/verein/5545/saison_id/2021/plus/1#ES1
Fc Banik Ostrau;Fortuna-Liga;TS1;CzechRepublic.FortunaLeague;82;377;https://www.transfermarkt.com/Fc Banik Ostrau/spielplan/verein/377/saison_id/2021/plus/1#ES1
Mfk Karvina;Fortuna-Liga;TS1;CzechRepublic.FortunaLeague;82;13726;https://www.transfermarkt.com/Mfk Karvina/spielplan/verein/13726/saison_id/2021/plus/1#ES1
Pfk Ludogorets Razgrad;Efbet-Liga;BU1;BulgariaFirstLeague;75;31614;https://www.transfermarkt.com/Pfk Ludogorets Razgrad/spielplan/verein/31614/saison_id/2021/plus/1#ES1
Botev Plovdiv;Efbet-Liga;BU1;BulgariaFirstLeague;75;2531;https://www.transfermarkt.com/Botev Plovdiv/spielplan/verein/2531/saison_id/2021/plus/1#ES1
Ofk Pirin Blagoevgrad;Efbet-Liga;BU1;BulgariaFirstLeague;75;521;https://www.transfermarkt.com/Ofk Pirin Blagoevgrad/spielplan/verein/521/saison_id/2021/plus/1#ES1
Lokomotive Plovdiv;Efbet-Liga;BU1;BulgariaFirstLeague;75;2259;https://www.transfermarkt.com/Lokomotive Plovdiv/spielplan/verein/2259/saison_id/2021/plus/1#ES1
Cherno More Varna;Efbet-Liga;BU1;BulgariaFirstLeague;75;967;https://www.transfermarkt.com/Cherno More Varna/spielplan/verein/967/saison_id/2021/plus/1#ES1
Pfc Arda Kardzhali;Efbet-Liga;BU1;BulgariaFirstLeague;75;40604;https://www.transfermarkt.com/Pfc Arda Kardzhali/spielplan/verein/40604/saison_id/2021/plus/1#ES1
Pofk Botev Vratsa;Efbet-Liga;BU1;BulgariaFirstLeague;75;26462;https://www.transfermarkt.com/Pofk Botev Vratsa/spielplan/verein/26462/saison_id/2021/plus/1#ES1
Slavia Sofia;Efbet-Liga;BU1;BulgariaFirstLeague;75;675;https://www.transfermarkt.com/Slavia Sofia/spielplan/verein/675/saison_id/2021/plus/1#ES1
Levski Sofia;Efbet-Liga;BU1;BulgariaFirstLeague;75;156;https://www.transfermarkt.com/Levski Sofia/spielplan/verein/156/saison_id/2021/plus/1#ES1
Pfc Beroe Stara Zagora;Efbet-Liga;BU1;BulgariaFirstLeague;75;6764;https://www.transfermarkt.com/Pfc Beroe Stara Zagora/spielplan/verein/6764/saison_id/2021/plus/1#ES1
Lokomotiv Sofia;Efbet-Liga;BU1;BulgariaFirstLeague;75;730;https://www.transfermarkt.com/Lokomotiv Sofia/spielplan/verein/730/saison_id/2021/plus/1#ES1
Tsarsko Selo Sofia;Efbet-Liga;BU1;BulgariaFirstLeague;75;55555;https://www.transfermarkt.com/Tsarsko Selo Sofia/spielplan/verein/55555/saison_id/2021/plus/1#ES1
Cska 1948;Efbet-Liga;BU1;BulgariaFirstLeague;75;61955;https://www.transfermarkt.com/Cska 1948/spielplan/verein/61955/saison_id/2021/plus/1#ES1
Zska Sofia;Efbet-Liga;BU1;BulgariaFirstLeague;75;208;https://www.transfermarkt.com/Zska Sofia/spielplan/verein/208/saison_id/2021/plus/1#ES1
